"Name/ASCII","Name/Diacritics","Designation","ID","ID","Con","#","WDS_J","  Vmag","    HIP","     HD"," RA(J2000)"," Dec(J2000)"," Date"," Notes","ƒJƒ^ƒJƒi•\‹L","–¼Ì","¯À","ƒoƒCƒGƒ‹•„†“™","V“™‹‰","³”F”NŒ“ú"
"Absolutno","Absolutno","XO-5","_","_","Lyn","_","_","12.13","      _","      _","116.716506","39.094572"," 2019-12-17","","","","","","",""
"Acamar","Acamar","HR 897","tet01","Eï½¸1","Eri","A","02583-4018","2.88","13847","18622","44.565311","-40.304672"," 2016-07-20"," *","ƒAƒJƒ}ƒ‹","HR 897","ƒGƒŠƒ_ƒkƒXÀ","ƒÆ1¯ A","2.88","2016”N7Œ20“ú"
"Achernar","Achernar","HR 472","alf","Eï½±","Eri","A","_","0.45","7588","10144","24.428523","-57.236753"," 2016-06-30","","ƒAƒPƒ‹ƒiƒ‹","HR 472","ƒGƒŠƒ_ƒkƒXÀ","ƒ¿¯ A","0.45","2016”N6Œ30“ú"
"Achird","Achird","HR 219","eta","Eï½·","Cas","A","00491+5749","3.46","3821","4614","12.276213","57.815187"," 2017-09-05","","ƒAƒLƒ‹ƒh[27]","HR 219","ƒJƒVƒIƒyƒ„À","ƒÅ¯ A","3.46","2017”N9Œ5“ú"
"Acrab","Acrab","HR 5984","bet","Eï½²","Sco","Aa","16054-1948","2.56","78820","144217","241.3593","-19.805453"," 2016-08-21","","ƒAƒNƒ‰ƒu","HR 5984","‚³‚»‚èÀ","ƒÀ¯ Aa","2.56","2016”N8Œ21“ú"
"Acrux","Acrux","HR 4730","alf","Eï½±","Cru","Aa","12266-6306","1.33","60718","108248","186.649563","-63.099093"," 2016-07-20","","ƒAƒNƒ‹ƒbƒNƒX","HR 4730","‚İ‚È‚İ‚¶‚ã‚¤‚¶À","ƒ¿¯ Aa","1.33","2016”N7Œ20“ú"
"Acubens","Acubens","HR 3572","alf","Eï½±","Cnc","Aa","08585+1151","4.26","44066","76756","134.621761","11.8577"," 2016-07-20","","ƒAƒNƒxƒ“ƒX","HR 3572","‚©‚ÉÀ","ƒ¿¯ Aa","4.26","2016”N7Œ20“ú"
"Adhafera","Adhafera","HR 4031","zet","Eï½¶","Leo","Aa","10167+2325","3.43","50335","89025","154.172567","23.417312"," 2016-07-20","","ƒAƒ_ƒtƒFƒ‰","HR 4031","‚µ‚µÀ","ƒÄ¯ Aa","3.43","2016”N7Œ20“ú"
"Adhara","Adhara","HR 2618","eps","Eï½µ","CMa","A","06586-2858","1.5","33579","52089","104.656453","-28.972086"," 2016-08-21","","ƒAƒ_ƒ‰","HR 2618","‚¨‚¨‚¢‚ÊÀ","ƒÃ¯ A","1.5","2016”N8Œ21“ú"
"Adhil","Adhil","HR 390","ksi","Eï½¾","And","_","_","4.87","6411","8207","20.58508","45.528778"," 2016-08-21","","ƒAƒfƒBƒ‹","HR 390","ƒAƒ“ƒhƒƒƒ_À","ƒÌ¯","4.87","2016”N8Œ21“ú"
"Ain","Ain","HR 1409","eps","Eï½µ","Tau","Aa1","04286+1911","3.53","20889","28305","67.154163","19.180435"," 2015-12-15","","ƒAƒCƒ“","HR 1409","‚¨‚¤‚µÀ","ƒÃ¯ Aa1","3.53","2015”N12Œ15“ú"
"Ainalrami","Ainalrami","HR 7116","nu01","Eï½½1","Sgr","A","18542-2245","4.86","92761","174974","283.542404","-22.74484"," 2017-09-05","","ƒAƒCƒ“ƒAƒ‹ƒ‰[ƒ~[","HR 7116","‚¢‚ÄÀ","ƒË1¯ A","4.86","2017”N9Œ5“ú"
"Aladfar","Aladfar","HR 7298","eta","Eï½·","Lyr","Aa","19138+3909","4.43","94481","180163","288.439531","39.14597"," 2017-09-05","","ƒAƒ‰ƒhƒtƒ@ƒ‹","HR 7298","‚±‚ÆÀ","ƒÅ¯ Aa","4.43","2017”N9Œ5“ú"
"Alasia","Alasia","HD 168746","_","_","Ser","_","18218-1155","7.95","90004","168746","275.457428","-11.922682"," 2019-12-17","","","","","","",""
"Albaldah","Albaldah","HR 7264","pi","EÂ€","Sgr","A","19098-2101","2.88","94141","178524","287.440971","-21.023615"," 2017-09-05","","ƒAƒ‹ƒoƒ‹ƒ_[31]","HR 7264","‚¢‚ÄÀ","ƒÎ¯ A","2.88","2017”N9Œ5“ú"
"Albali","Albali","HR 7950","eps","Eï½µ","Aqr","_","_","3.78","102618","198001","311.918969","-9.495775"," 2016-09-12","","ƒAƒ‹ƒoƒŠ","HR 7950","‚İ‚¸‚ª‚ßÀ","ƒÃ¯","3.78","2016”N9Œ12“ú"
"Albireo","Albireo","HR 7417","bet","Eï½²","Cyg","Aa","19307+2758","3.37","95947","183912","292.680351","27.959692"," 2016-07-20","","ƒAƒ‹ƒrƒŒƒI","HR 7417","‚Í‚­‚¿‚å‚¤À","ƒÀ¯ Aa","3.37","2016”N7Œ20“ú"
"Alchiba","Alchiba","HR 4623","alf","Eï½±","Crv","_","_","4.02","59199","105452","182.103402","-24.728875"," 2016-09-12","","ƒAƒ‹ƒLƒo","HR 4623","‚©‚ç‚·À","ƒ¿¯","4.02","2016”N9Œ12“ú"
"Alcor","Alcor","HR 5062","80","80","UMa","Ca","13239+5456","3.99","65477","116842","201.306403","54.987954"," 2016-06-30"," *","ƒAƒ‹ƒRƒ‹","HR 5062","‚¨‚¨‚®‚ÜÀ","80”Ô¯ A[’ß 4]","3.99","2016”N6Œ30“ú"
"Alcyone","Alcyone","HR 1165","eta","Eï½·","Tau","A","03475+2406","2.85","17702","23630","56.871152","24.105136"," 2016-06-30","","ƒAƒ‹ƒLƒI[ƒl","HR 1165","‚¨‚¤‚µÀ","ƒÅ¯ A","2.85","2016”N6Œ30“ú"
"Aldebaran","Aldebaran","HR 1457","alf","Eï½±","Tau","_","04359+1631","0.87","21421","29139","68.980163","16.509302"," 2016-06-30","","ƒAƒ‹ƒfƒoƒ‰ƒ“","HR 1457","‚¨‚¤‚µÀ","ƒ¿¯–","0.87","2016”N6Œ30“ú"
"Alderamin","Alderamin","HR 8162","alf","Eï½±","Cep","_","21186+6235","2.45","105199","203280","319.644885","62.585574"," 2016-07-20","","ƒAƒ‹ƒfƒ‰ƒ~ƒ“","HR 8162","ƒPƒtƒFƒEƒXÀ","ƒ¿¯–","2.45","2016”N7Œ20“ú"
"Aldhanab","Aldhanab","HR 8353","gam","Eï½³","Gru","_","_","3","108085","207971","328.482192","-37.364855"," 2017-09-05","","ƒAƒ‹ƒ_ƒiƒu","HR 8353","‚Â‚éÀ","ƒÁ¯","3","2017”N9Œ5“ú"
"Aldhibah","Aldhibah","HR 6396","zet","Eï½¶","Dra","A","17088+6543","3.17","83895","155763","257.19665","65.714684"," 2017-09-05","","ƒAƒ‹ƒfƒBƒo","HR 6396","‚è‚ã‚¤À","ƒÄ¯ A","3.17","2017”N9Œ5“ú"
"Aldulfin","Aldulfin","HR 7852","eps","Eï½µ","Del","_","_","4.03","101421","195810","308.303216","11.303261"," 2017-09-05","","ƒAƒ‹ƒhƒDƒ‹ƒtƒBƒ“","HR 7852","‚¢‚é‚©À","ƒÃ¯","4.03","2017”N9Œ5“ú"
"Alfirk","Alfirk","HR 8238","bet","Eï½²","Cep","Aa","21287+7034","3.23","106032","205021","322.164987","70.560715"," 2016-08-21","","ƒAƒ‹ƒtƒBƒ‹ƒN","HR 8238","ƒPƒtƒFƒEƒXÀ","ƒÀ¯ Aa","3.23","2016”N8Œ21“ú"
"Algedi","Algedi","HR 7754","alf02","Eï½±2","Cap","_","20181-1233","3.58","100064","192947","304.513566","-12.544852"," 2016-08-21","","ƒAƒ‹ƒQƒfƒB","HR 7754","‚â‚¬À","ƒ¿2¯","3.58","2016”N8Œ21“ú"
"Algenib","Algenib","HR 39","gam","Eï½³","Peg","_","00132+1511","2.83","1067","886","3.308963","15.183594"," 2016-06-30","","ƒAƒ‹ƒQƒjƒu","HR 39","ƒyƒKƒXƒXÀ","ƒÁ¯–","2.83","2016”N6Œ30“ú"
"Algieba","Algieba","HR 4057","gam01","Eï½³1","Leo","_","10200+1950","2.61","50583","89484","154.993144","19.841489"," 2016-07-20"," *","ƒAƒ‹ƒMƒGƒo","HR 4057","‚µ‚µÀ","ƒÁ1¯","2.61","2016”N7Œ20“ú"
"Algol","Algol","HR 936","bet","Eï½²","Per","Aa1","03082+4057","2.09","14576","19356","47.042215","40.955648"," 2016-06-30","","ƒAƒ‹ƒSƒ‹","HR 936","ƒyƒ‹ƒZƒEƒXÀ","ƒÀ¯ Aa1","2.09","2016”N6Œ30“ú"
"Algorab","Algorab","HR 4757","del","Eï½´","Crv","A","12299-1631","2.94","60965","108767","187.466063","-16.515431"," 2016-07-20","","ƒAƒ‹ƒSƒ‰ƒu","HR 4757","‚©‚ç‚·À","ƒÂ¯ A","2.94","2016”N7Œ20“ú"
"Alhena","Alhena","HR 2421","gam","Eï½³","Gem","Aa","06377+1624","1.93","31681","47105","99.42796","16.39928"," 2016-07-20","","ƒAƒ‹ƒwƒi","HR 2421","‚Ó‚½‚²À","ƒÁ¯ Aa","1.93","2016”N7Œ20“ú"
"Alioth","Alioth","HR 4905","eps","Eï½µ","UMa","A","12540+5558","1.76","62956","112185","193.50729","55.959823"," 2016-06-30","","ƒAƒŠƒIƒg","HR 4905","‚¨‚¨‚®‚ÜÀ","ƒÃ¯ A","1.76","2016”N6Œ30“ú"
"Aljanah","Aljanah","HR 7949","eps","Eï½µ","Cyg","Aa","20462+3358","2.48","102488","197989","311.552843","33.970257"," 2017-06-30","","ƒAƒ‹ƒWƒƒƒi[","HR 7949","‚Í‚­‚¿‚å‚¤À","ƒÃ¯ Aa","2.48","2017”N6Œ30“ú"
"Alkaid","Alkaid","HR 5191","eta","Eï½·","UMa","_","_","1.85","67301","120315","206.885157","49.313267"," 2016-06-30","","ƒAƒ‹ƒJƒCƒh","HR 5191","‚¨‚¨‚®‚ÜÀ","ƒÅ¯","1.85","2016”N6Œ30“ú"
"Alkalurops","Alkalurops","HR 5733","mu01","Eï½¼1","Boo","Aa","15245+3723","4.31","75411","137391","231.122618","37.377169"," 2016-08-21","","ƒAƒ‹ƒJƒ‹ƒƒvƒX","HR 5733","‚¤‚µ‚©‚¢À","ƒÊ1¯ Aa","4.31","2016”N8Œ21“ú"
"Alkaphrah","Alkaphrah","HR 3594","kap","Eï½º","UMa","A","09036+4709","4.16","44471","77327","135.906365","47.156525"," 2017-09-05","","ƒAƒ‹ƒJƒtƒ‰[","HR 3594","‚¨‚¨‚®‚ÜÀ","ƒÈ¯ A","4.16","2017”N9Œ5“ú"
"Alkarab","Alkarab","HR 8905","ups","Eï¿½","Peg","_","_","4.42","115623","220657","351.344931","23.4041"," 2017-09-05","","ƒAƒ‹ƒJƒ‰ƒu","HR 8905","ƒyƒKƒXƒXÀ","ƒÒ¯","4.42","2017”N9Œ5“ú"
"Alkes","Alkes","HR 4287","alf","Eï½±","Crt","_","_","4.08","53740","95272","164.943604","-18.298783"," 2016-09-12","","ƒAƒ‹ƒPƒX","HR 4287","ƒRƒbƒvÀ","ƒ¿¯","4.08","2016”N9Œ12“ú"
"Almaaz","Almaaz","HR 1605","eps","Eï½µ","Aur","_","05020+4349","3.03","23416","31964","75.492219","43.823307"," 2017-02-01","","ƒAƒ‹ƒ}[ƒY[15]","HR 1605","‚¬‚å‚µ‚áÀ","ƒÃ¯–","3.03","2017”N2Œ1“ú"
"Almach","Almach","HR 603","gam","Eï½³","And","A","02039+4220","2.1","9640","12533","30.974804","42.329725"," 2016-07-20"," *","ƒAƒ‹ƒ}ƒN","HR 603","ƒAƒ“ƒhƒƒƒ_À","ƒÁ1¯ A","2.1","2016”N7Œ20“ú"
"Alnair","Alnair","HR 8425","alf","Eï½±","Gru","_","22082-4658","1.73","109268","209952","332.05827","-46.960974"," 2016-07-20","","ƒAƒ‹ƒiƒCƒ‹","HR 8425","‚Â‚éÀ","ƒ¿¯–","1.73","2016”N7Œ20“ú"
"Alnasl","Alnasl","HR 6746","gam02","Eï½³2","Sgr","_","_","2.98","88635","165135","271.452025","-30.4241"," 2016-08-21","","ƒAƒ‹ƒiƒXƒ‹","HR 6746","‚¢‚ÄÀ","ƒÁ2¯","2.98","2016”N8Œ21“ú"
"Alnilam","Alnilam","HR 1903","eps","Eï½µ","Ori","_","05362-0112","1.69","26311","37128","84.053389","-1.201919"," 2016-07-20","","ƒAƒ‹ƒjƒ‰ƒ€","HR 1903","ƒIƒŠƒIƒ“À","ƒÃ¯–","1.69","2016”N7Œ20“ú"
"Alnitak","Alnitak","HR 1948","zet","Eï½¶","Ori","Aa","05407-0157","1.74","26727","37742","85.189694","-1.942574"," 2016-07-20","","ƒAƒ‹ƒjƒ^ƒN","HR 1948","ƒIƒŠƒIƒ“À","ƒÄ¯ Aa","1.74","2016”N7Œ20“ú"
"Alniyat","Alniyat","HR 6084","sig","Eï¿½","Sco","Aa1","16212-2536","2.9","80112","147165","245.297149","-25.592792"," 2017-02-01","","ƒAƒ‹ƒjƒ„ƒg","HR 6084","‚³‚»‚èÀ","ƒĞ¯ Aa1","2.9","2017”N2Œ1“ú"
"Alphard","Alphard","HR 3748","alf","Eï½±","Hya","_","09276-0840","1.99","46390","81797","141.896847","-8.658602"," 2016-07-20","","ƒAƒ‹ƒtƒ@ƒ‹ƒh","HR 3748","‚¤‚İ‚Ö‚ÑÀ","ƒ¿¯–","1.99","2016”N7Œ20“ú"
"Alphecca","Alphecca","HR 5793","alf","Eï½±","CrB","_","_","2.22","76267","139006","233.67195","26.714693"," 2016-07-20","","ƒAƒ‹ƒtƒFƒbƒJ","HR 5793","‚©‚ñ‚Ş‚èÀ","ƒ¿¯","2.22","2016”N7Œ20“ú"
"Alpheratz","Alpheratz","HR 15","alf","Eï½±","And","Aa","00084+2905","2.07","677","358","2.096916","29.090431"," 2016-06-30","","ƒAƒ‹ƒtƒFƒ‰ƒbƒc","HR 15","ƒAƒ“ƒhƒƒƒ_À","ƒ¿¯ Aa","2.07","2016”N6Œ30“ú"
"Alpherg","Alpherg","HR 437","eta","Eï½·","Psc","A","01315+1521","3.83","7097","9270","22.870873","15.345823"," 2018-06-01","","ƒAƒ‹ƒtƒFƒ‹ƒO","HR 437","‚¤‚¨À","ƒÅ¯ A","3.83","2018”N6Œ1“ú"
"Alrakis","Alrakis","HR 6370","mu","Eï½¼","Dra","A","17053+5428","5.55","83608","154906","256.333807","54.470078"," 2017-02-01","","ƒAƒ‹ƒ‰ƒLƒX","HR 6370","‚è‚ã‚¤À","ƒÊ¯ A","5.55","2017”N2Œ1“ú"
"Alrescha","Alrescha","HR 596","alf","Eï½±","Psc","A","02020+0246","3.82","9487","12446","30.511772","2.763735"," 2016-08-21","","ƒAƒ‹ƒŠƒVƒƒ","HR 596","‚¤‚¨À","ƒ¿¯ A","3.82","2016”N8Œ21“ú"
"Alruba","Alruba","HR 6618","_","_","Dra","_","_","5.75","86782","161693","265.996568","53.801715"," 2018-06-01","","ƒAƒ‹ƒ‹ƒo","HR 6618","‚è‚ã‚¤À","HD 161693","5.75","2018”N6Œ1“ú"
"Alsafi","Alsafi","HR 7462","sig","Eï¿½","Dra","_","19324+6940","4.67","96100","185144","293.08996","69.661176"," 2017-06-30","","ƒAƒ‹ƒT[ƒtƒB","HR 7462","‚è‚ã‚¤À","ƒĞ¯–","4.67","2017”N6Œ30“ú"
"Alsciaukat","Alsciaukat","HR 3275","31","31","Lyn","_","_","4.25","41075","70272","125.708792","43.188131"," 2017-06-30","","ƒAƒ‹ƒVƒƒƒEƒJƒg","HR 3275","‚â‚Ü‚Ë‚±À","31”Ô¯","4.25","2017”N6Œ30“ú"
"Alsephina","Alsephina","HR 3485","del","Eï½´","Vel","Aa","08447-5443","1.99","42913","74956","131.175944","-54.708819"," 2017-09-05","","ƒAƒ‹ƒZƒtƒBƒi","HR 3485","‚ÙÀ","ƒÂ¯ Aa","1.99","2017”N9Œ5“ú"
"Alshain","Alshain","HR 7602","bet","Eï½²","Aql","A","19553+0624","3.71","98036","188512","298.828304","6.406763"," 2016-08-21","","ƒAƒ‹ƒVƒƒƒCƒ“","HR 7602","‚í‚µÀ","ƒÀ¯ A","3.71","2016”N8Œ21“ú"
"Alshat","Alshat","HR 7773","nu","Eï½½","Cap","A","20207-1246","4.77","100310","193432","305.165898","-12.759079"," 2017-06-30","","ƒAƒ‹ƒVƒƒƒg[23]","HR 7773","‚â‚¬À","ƒË¯ A","4.77","2017”N6Œ30“ú"
"Altair","Altair","HR 7557","alf","Eï½±","Aql","_","19508+0852","0.76","97649","187642","297.695827","8.868321"," 2016-06-30","","ƒAƒ‹ƒ^ƒCƒ‹","HR 7557","‚í‚µÀ","ƒ¿¯–","0.76","2016”N6Œ30“ú"
"Altais","Altais","HR 7310","del","Eï½´","Dra","_","19126+6740","3.07","94376","180711","288.13875","67.661541"," 2016-08-21","","ƒAƒ‹ƒ^ƒCƒX","HR 7310","‚è‚ã‚¤À","ƒÂ¯–","3.07","2016”N8Œ21“ú"
"Alterf","Alterf","HR 3773","lam","Eï½»","Leo","_","_","4.32","46750","82308","142.930115","22.96797"," 2017-02-01","","ƒAƒ‹ƒeƒ‹ƒt","HR 3773","‚µ‚µÀ","ƒÉ¯","4.32","2017”N2Œ1“ú"
"Aludra","Aludra","HR 2827","eta","Eï½·","CMa","_","07241-2918","2.45","35904","58350","111.02376","-29.303106"," 2016-07-20","","ƒAƒ‹ƒhƒ‰","HR 2827","‚¨‚¨‚¢‚ÊÀ","ƒÅ¯–","2.45","2016”N7Œ20“ú"
"Alula Australis","Alula Australis","HR 4375","ksi","Eï½¾","UMa","Aa","11182+3132","4.41","55203","98231","169.545423","31.529161"," 2016-07-20","","ƒAƒ‹ƒ‰ƒAƒEƒXƒgƒ‰ƒŠƒX","HR 4375","‚¨‚¨‚®‚ÜÀ","ƒÌ¯ Aa","4.41","2016”N7Œ20“ú"
"Alula Borealis","Alula Borealis","HR 4377","nu","Eï½½","UMa","_","11185+3306","3.49","55219","98262","169.619737","33.094305"," 2016-07-20","","ƒAƒ‹ƒ‰ƒ{ƒŒƒAƒŠƒX","HR 4377","‚¨‚¨‚®‚ÜÀ","ƒË¯–","3.49","2016”N7Œ20“ú"
"Alya","Alya","HR 7141","tet01","Eï½¸1","Ser","A","18562+0412","4.62","92946","175638","284.054949","4.203602"," 2016-08-21","","ƒAƒ‹ƒ„","HR 7141","‚Ö‚ÑÀ","ƒÆ1¯ A","4.62","2016”N8Œ21“ú"
"Alzirr","Alzirr","HR 2484","ksi","Eï½¾","Gem","_","_","3.35","32362","48737","101.322351","12.895592"," 2017-06-30","","ƒAƒ‹ƒWƒ‹","HR 2484","‚Ó‚½‚²À","ƒÌ¯","3.35","2017”N6Œ30“ú"
"Amadioha","Amadioha","HD 43197","_","_","CMa","_","_","8.98","29550","43197","93.39859","-29.897264"," 2019-12-17","","","","","","",""
"Amansinaya","Amansinaya","WASP-34","_","_","Crt","_","_","10.3","      _","      _","165.399575","-23.860662"," 2019-12-17","","","","","","",""
"Anadolu","Anadolu","WASP-52","_","_","Peg","_","_","12.2","      _","      _","348.494823","8.76127"," 2019-12-17","","","","","","",""
"Ancha","Ancha","HR 8499","tet","Eï½¸","Aqr","_","_","4.17","110003","211391","334.208485","-7.783291"," 2016-09-12","","ƒAƒ“ƒJ","HR 8499","‚İ‚¸‚ª‚ßÀ","ƒÆ¯","4.17","2016”N9Œ12“ú"
"Angetenar","Angetenar","HR 850","tau02","Eï¿½2","Eri","_","02510-2100","4.76","13288","17824","42.759674","-21.004018"," 2017-06-30","","ƒAƒ“ƒQƒeƒiƒ‹","HR 850","ƒGƒŠƒ_ƒkƒXÀ","ƒÑ2¯–","4.76","2017”N6Œ30“ú"
"Aniara","Aniara","HD 102956","_","_","UMa","_","_","7.86","57820","102956","177.843796","57.640734"," 2019-12-17","","","","","","",""
"Ankaa","Ankaa","HR 99","alf","Eï½±","Phe","_","00263-4218","2.4","2081","2261","6.570939","-42.306084"," 2016-07-20","","ƒAƒ“ƒJ[[7]","HR 99","‚Ù‚¤‚¨‚¤À","ƒ¿¯–","2.4","2016”N7Œ20“ú"
"Anser","Anser","HR 7405","alf","Eï½±","Vul","_","19287+2440","4.44","95771","183439","292.176375","24.664903"," 2017-06-30","","ƒAƒ“ƒZƒ‹","HR 7405","‚±‚¬‚Â‚ËÀ","ƒ¿¯–","4.44","2017”N6Œ30“ú"
"Antares","Antares","HR 6134","alf","Eï½±","Sco","A","16294-2626","1.06","80763","148478","247.351915","-26.432003"," 2016-06-30","","ƒAƒ“ƒ^ƒŒƒX","HR 6134","‚³‚»‚èÀ","ƒ¿¯ A","1.06","2016”N6Œ30“ú"
"Arcalis","ArcalEE½­s","HD 131496","_","_","Boo","_","_","7.8","72845","131496","223.345951","18.235409"," 2019-12-17","","","","","","",""
"Arcturus","Arcturus","HR 5340","alf","Eï½±","Boo","_","14157+1911","-0.05","69673","124897","213.9153","19.182409"," 2016-06-30","","ƒAƒ‹ƒNƒgƒD[ƒ‹ƒX","HR 5340","‚¤‚µ‚©‚¢À","ƒ¿¯–","-0.05","2016”N6Œ30“ú"
"Arkab Posterior","Arkab Posterior","HR 7343","bet02","Eï½²2","Sgr","_","_","4.27","95294","181623","290.80474","-44.799779"," 2016-10-05","","ƒAƒ‹ƒJƒuƒ|ƒXƒeƒŠƒIƒ‹","HR 7343","‚¢‚ÄÀ","ƒÀ2¯","4.27","2016”N10Œ5“ú"
"Arkab Prior","Arkab Prior","HR 7337","bet01","Eï½²1","Sgr","_","19226-4428","3.96","95241","181454","290.659551","-44.458959"," 2016-10-05","","ƒAƒ‹ƒJƒuƒvƒŠƒIƒ‹","HR 7337","‚¢‚ÄÀ","ƒÀ1¯–","3.96","2016”N10Œ5“ú"
"Arneb","Arneb","HR 1865","alf","Eï½±","Lep","A","05327-1749","2.58","25985","36673","83.182567","-17.822289"," 2016-07-20","","ƒAƒ‹ƒlƒu","HR 1865","‚¤‚³‚¬À","ƒ¿¯ A","2.58","2016”N7Œ20“ú"
"Ascella","Ascella","HR 7194","zet","Eï½¶","Sgr","A","19026-2953","2.6","93506","176687","285.653043","-29.880063"," 2016-09-12","","ƒAƒZƒbƒ‰","HR 7194","‚¢‚ÄÀ","ƒÄ¯ A","2.6","2016”N9Œ12“ú"
"Asellus Australis","Asellus Australis","HR 3461","del","Eï½´","Cnc","Aa","08447+1809","3.94","42911","74442","131.171248","18.154309"," 2016-11-06","","ƒAƒZƒ‹ƒXƒAƒEƒXƒgƒ‰ƒŠƒX","HR 3461","‚©‚ÉÀ","ƒÂ¯ Aa","3.94","2016”N11Œ6“ú"
"Asellus Borealis","Asellus Borealis","HR 3449","gam","Eï½³","Cnc","Aa","08433+2128","4.66","42806","74198","130.821442","21.468501"," 2016-11-06","","ƒAƒZƒ‹ƒXƒ{ƒŒƒAƒŠƒX","HR 3449","‚©‚ÉÀ","ƒÁ¯ Aa","4.66","2016”N11Œ6“ú"
"Ashlesha","Ashlesha","HR 3482","eps","Eï½µ","Hya","A","08468+0625","3.49","43109","74874","131.693794","6.418809"," 2018-06-01","","ƒA[ƒVƒ…ƒŒ[ƒVƒƒ[","HR 3482","‚¤‚İ‚Ö‚ÑÀ","ƒÃ¯ A","3.49","2018”N6Œ1“ú"
"Aspidiske","Aspidiske","HR 3699","iot","Eï½¹","Car","_","_","2.21","45556","80404","139.272529","-59.275232"," 2016-07-20","","ƒAƒXƒsƒfƒBƒXƒP","HR 3699","‚è‚ã‚¤‚±‚ÂÀ","ƒÇ¯","2.21","2016”N7Œ20“ú"
"Asterope","Asterope","HR 1151","21","21","Tau","A","03459+2433","5.76","17579","23432","56.476987","24.554512"," 2016-08-21","","ƒAƒXƒeƒ[ƒy","HR 1151","‚¨‚¤‚µÀ","21”Ô¯ A","5.76","2016”N8Œ21“ú"
"Atakoraka","Atakoraka","WASP-64","_","_","CMa","_","06445-3252","12.69","      _","      _","101.115022","-32.858383"," 2019-12-17","","","","","","",""
"Athebyne","Athebyne","HR 6132","eta","Eï½·","Dra","A","16240+6131","2.73","80331","148387","245.997858","61.514214"," 2017-09-05","","ƒAƒeƒoƒCƒ“","HR 6132","‚è‚ã‚¤À","ƒÅ¯ A","2.73","2017”N9Œ5“ú"
"Atik","Atik","HR 1131","omi","Eï½¿","Per","A","03443+3217","3.84","17448","23180","56.07972","32.28824"," 2016-09-12","","ƒA[ƒeƒBƒN","HR 1131","ƒyƒ‹ƒZƒEƒXÀ","ƒÍ¯ A","3.84","2016”N9Œ12“ú"
"Atlas","Atlas","HR 1178","27","27","Tau","Aa1","03492+2403","3.62","17847","23850","57.290597","24.053415"," 2016-08-21","","ƒAƒgƒ‰ƒX","HR 1178","‚¨‚¤‚µÀ","27”Ô¯ Aa1","3.62","2016”N8Œ21“ú"
"Atria","Atria","HR 6217","alf","Eï½±","TrA","_","16487-6902","1.91","82273","150798","252.166229","-69.027712"," 2016-07-20","","ƒAƒgƒŠƒA","HR 6217","‚İ‚È‚İ‚Ì‚³‚ñ‚©‚­À","ƒ¿¯–","1.91","2016”N7Œ20“ú"
"Avior","Avior","HR 3307","eps","Eï½µ","Car","A","08225-5931","1.86","41037","71129","125.62848","-59.509484"," 2016-07-20","","ƒAƒrƒI[ƒ‹[8]","HR 3307","‚è‚ã‚¤‚±‚ÂÀ","ƒÃ¯ A","1.86","2016”N7Œ20“ú"
"Axolotl","AxEE½³lotl","HD 224693","_","_","Cet","_","_","8.23","118319","224693","359.974298","-22.428116"," 2019-12-17","","","","","","",""
"Ayeyarwady","Ayeyarwady","HD 18742","_","_","Eri","_","_","7.81","13993","18742","45.044402","-20.802604"," 2019-12-17","","","","","","",""
"Azelfafage","Azelfafage","HR 8301","pi01","EÂ€1","Cyg","_","_","4.69","107136","206672","325.523602","51.189623"," 2016-09-12","","ƒAƒ[ƒ‹ƒtƒ@ƒtƒ@ƒQ[13]","HR 8301","‚Í‚­‚¿‚å‚¤À","ƒÎ1¯","4.69","2016”N9Œ12“ú"
"Azha","Azha","HR 874","eta","Eï½·","Eri","_","_","3.89","13701","18322","44.106873","-8.898145"," 2016-09-12","","ƒAƒU","HR 874","ƒGƒŠƒ_ƒkƒXÀ","ƒÅ¯","3.89","2016”N9Œ12“ú"
"Azmidi","Azmidi","HR 3045","ksi","Eï½¾","Pup","_","07493-2452","3.45","38170","63700","117.323563","-24.859786"," 2018-06-01","","ƒAƒYƒ~ƒfƒB","HR 3045","‚Æ‚àÀ","ƒÌ¯","3.45","2018”N6Œ1“ú"
"Baekdu","Baekdu","HD 133086","8","8","UMi","_","14568+7454","6.83","73136","133086","224.201473","74.900923"," 2019-12-17","","","","","","",""
"Barnard's Star","Barnard's Star","GJ 699","V2500","V2500","Oph","_","_","9.54","87937","      _","269.454023","4.668288"," 2017-02-01","","ƒo[ƒi[ƒh¯","GJ 699","‚Ö‚Ñ‚Â‚©‚¢À","V2500","9.54","2017”N2Œ1“ú"
"Baten Kaitos","Baten Kaitos","HR 539","zet","Eï½¶","Cet","Aa","01515-1020","3.74","8645","11353","27.865137","-10.335044"," 2016-09-12","","ƒoƒeƒ“ƒJƒCƒgƒX","HR 539","‚­‚¶‚çÀ","ƒÄ¯ Aa","3.74","2016”N9Œ12“ú"
"Beemim","Beemim","HR 1393","ups03","Eï¿½3","Eri","_","_","3.97","20535","28028","66.009239","-34.016848"," 2017-06-30","","ƒx[ƒ~ƒ€","HR 1393","ƒGƒŠƒ_ƒkƒXÀ","ƒÒ3¯","3.97","2017”N6Œ30“ú"
"Beid","Beid","HR 1298","omi01","Eï½¿1","Eri","_","_","4.04","19587","26574","62.966415","-6.83758"," 2016-09-12","","ƒoƒCƒh","HR 1298","ƒGƒŠƒ_ƒkƒXÀ","ƒÍ1¯","4.04","2016”N9Œ12“ú"
"Belel","Belel","HD 181342","_","_","Sgr","_","_","7.55","95124","181342","290.267627","-23.61957"," 2019-12-17","","","","","","",""
"Belenos","BEE½©lEE½©nos","HD 8574","_","_","Psc","_","_","7.12","6643","8574","21.302148","28.566695"," 2019-12-17","","","","","","",""
"Bellatrix","Bellatrix","HR 1790","gam","Eï½³","Ori","_","05251+0621","1.64","25336","35468","81.282764","6.349703"," 2016-06-30","","ƒxƒ‰ƒgƒŠƒNƒX","HR 1790","ƒIƒŠƒIƒ“À","ƒÁ¯–","1.64","2016”N6Œ30“ú"
"Berehynia","Berehynia","HAT-P-15","_","_","Per","_","_","12.02","      _","      _","66.248062","39.460642"," 2019-12-17","","","","","","",""
"Betelgeuse","Betelgeuse","HR 2061","alf","Eï½±","Ori","Aa","05552+0724","0.45","27989","39801","88.792939","7.407064"," 2016-06-30","","ƒxƒeƒ‹ƒMƒEƒX","HR 2061","ƒIƒŠƒIƒ“À","ƒ¿¯ Aa","0.45","2016”N6Œ30“ú"
"Bharani","Bharani","HR 838","41","41","Ari","Aa","02500+2716","3.61","13209","17573","42.495972","27.260507"," 2017-06-30","","ƒoƒ‰ƒj[","HR 838","‚¨‚Ğ‚Â‚¶À","41”Ô¯ Aa","3.61","2017”N6Œ30“ú"
"Bibha","BibhEE¿½           H","D 86081     _","     _","","Sex","_","_","8.73","48711","86081","149.024661","-3.808423"," 2019-12-17","","","","","","",""
"Biham","Biham","HR 8450","tet","Eï½¸","Peg","_","_","3.52","109427","210418","332.549939","6.197863"," 2016-08-21","","ƒrƒnƒ€","HR 8450","ƒyƒKƒXƒXÀ","ƒÆ¯","3.52","2016”N8Œ21“ú"
"Bosona","Bosona","HD 206610","_","_","Aqr","_","_","8.34","107251","206610","325.853751","-7.408253"," 2019-12-17","","","","","","",""
"Botein","Botein","HR 951","del","Eï½´","Ari","_","_","4.35","14838","19787","47.907356","19.726674"," 2016-09-12","","ƒ{ƒ^ƒCƒ“","HR 951","‚¨‚Ğ‚Â‚¶À","ƒÂ¯","4.35","2016”N9Œ12“ú"
"Brachium","Brachium","HR 5603","sig","Eï¿½","Lib","A","15041-2517","3.25","73714","133216","226.017567","-25.281961"," 2017-09-05","","ƒuƒ‰ƒLƒEƒ€","HR 5603","‚Ä‚ñ‚Ñ‚ñÀ","ƒĞ¯ A","3.25","2017”N9Œ5“ú"
"Bubup","Bubup","HD 38283","_","_","Men","_","_","6.69","26380","38283","84.258403","-73.699346"," 2019-12-17","","","","","","",""
"Buna","Buna","HD 16175","_","_","And","_","_","7.28","12191","16175","39.257963","42.06263"," 2019-12-17","","","","","","",""
"Bunda","Bunda","HR 8264","ksi","Eï½¾","Aqr","A","21378-0751","4.8","106786","205767","324.437956","-7.854202"," 2018-06-01","","ƒuƒ“ƒ_","HR 8264","‚İ‚¸‚ª‚ßÀ","ƒÌ¯ A","4.8","2018”N6Œ1“ú"
"Canopus","Canopus","HR 2326","alf","Eï½±","Car","A","06240-5242","-0.62","30438","45348","95.987958","-52.695661"," 2016-06-30","","ƒJƒm[ƒvƒX","HR 2326","‚è‚ã‚¤‚±‚ÂÀ","ƒ¿¯ A","-0.62","2016”N6Œ30“ú"
"Capella","Capella","HR 1708","alf","Eï½±","Aur","Aa","05167+4600","0.08","24608","34029","79.172328","45.997991"," 2016-06-30","","ƒJƒyƒ‰","HR 1708","‚¬‚å‚µ‚áÀ","ƒ¿¯ Aa","0.08","2016”N6Œ30“ú"
"Caph","Caph","HR 21","bet","Eï½²","Cas","A","00092+5909","2.28","746","432","2.294522","59.149781"," 2016-06-30","","ƒJƒt","HR 21","ƒJƒVƒIƒyƒ„À","ƒÀ¯ A","2.28","2016”N6Œ30“ú"
"Castor","Castor","HR 2891","alf","Eï½±","Gem","Aa","07346+3153","1.98","36850","60179","113.649428","31.888276"," 2016-06-30","","ƒJƒXƒgƒ‹","HR 2891","‚Ó‚½‚²À","ƒ¿¯ Aa","1.98","2016”N6Œ30“ú"
"Castula","Castula","HR 265","ups02","Eï¿½2","Cas","_","_","4.62","4422","5395","14.166271","59.181055"," 2017-09-05","","ƒJƒXƒgƒDƒ‰","HR 265","ƒJƒVƒIƒyƒ„À","ƒÒ2¯","4.62","2017”N9Œ5“ú"
"Cebalrai","Cebalrai","HR 6603","bet","Eï½²","Oph","_","_","2.76","86742","161096","265.868136","4.5673"," 2016-08-21","","ƒPƒoƒ‹ƒ‰ƒC","HR 6603","‚Ö‚Ñ‚Â‚©‚¢À","ƒÀ¯","2.76","2016”N8Œ21“ú"
"Ceibo","Ceibo","HD 63454","_","_","Cha","_","_","9.37","37284","63454","114.841057","-78.278974"," 2019-12-17","","","","","","",""
"Celaeno","Celaeno","HR 1140","16","16","Tau","_","03448+2417","5.45","17489","23288","56.200893","24.289468"," 2016-08-21","","ƒPƒ‰ƒCƒm[","HR 1140","‚¨‚¤‚µÀ","16”Ô¯–","5.45","2016”N8Œ21“ú"
"Cervantes","Cervantes","HR 6585","mu","Eï½¼","Ara","_","_","5.15","86796","160691","266.036255","-51.834051"," 2015-12-15","","ƒZƒ‹ƒoƒ“ƒeƒX","HR 6585","‚³‚¢‚¾‚ñÀ","ƒÊ¯","5.15","2015”N12Œ15“ú"
"Chalawan","Chalawan","HR 4277","47","47","UMa","_","_","5.03","53721","95128","164.866553","40.430256"," 2015-12-15","","ƒ`ƒƒƒ‰ƒƒ“","HR 4277","‚¨‚¨‚®‚ÜÀ","47”Ô¯","5.03","2015”N12Œ15“ú"
"Chamukuy","Chamukuy","HR 1412","tet02","Eï½¸2","Tau","Aa","04287+1552","3.73","20894","28319","67.165586","15.870882"," 2017-09-05","","ƒ`ƒƒƒ€ƒNƒC","HR 1412","‚¨‚¤‚µÀ","ƒÆ2¯ Aa","3.73","2017”N9Œ5“ú"
"Chaophraya","Chaophraya","WASP-50","_","_","Eri","_","_","11.74","      _","      _","43.688059","-10.898063"," 2019-12-17","","","","","","",""
"Chara","Chara","HR 4785","bet","Eï½²","CVn","Aa","12337+4121","4.24","61317","109358","188.435603","41.357479"," 2016-07-20","","ƒJƒ‰","HR 4785","‚è‚å‚¤‚¯‚ñÀ","ƒÀ¯ Aa","4.24","2016”N7Œ20“ú"
"Chason","Chaso","HAT-P-5","_","_","Lyr","_","18176+3637","11.96","      _","      _","274.40547","36.621436"," 2019-12-17","","","","","","",""
"Chechia","Chechia","HD 192699","_","_","Aql","_","_","6.44","99894","192699","304.025017","4.580795"," 2019-12-17","","","","","","",""
"Chertan","Chertan","HR 4359","tet","Eï½¸","Leo","_","_","3.33","54879","97633","168.560019","15.429571"," 2016-07-20","","ƒVƒFƒ‹ƒ^ƒ“","HR 4359","‚µ‚µÀ","ƒÆ¯","3.33","2016”N7Œ20“ú"
"Citadelle","Citadelle","HD 1502","_","_","Psc","_","_","8.36","1547","1502","4.82111","14.054756"," 2019-12-17","","","","","","",""
"Citala","CitalEE½¡","HD 52265","_","_","Mon","_","_","6.29","33719","52265","105.075149","-5.367161"," 2019-12-17","","","","","","",""
"Cocibolca","Cocibolca","HD 4208","_","_","Scl","_","_","7.78","3479","4208","11.111045","-26.515683"," 2019-12-17","","","","","","",""
"Copernicus","Copernicus","HR 3522","55","55","Cnc","A","08526+2820","5.95","43587","75732","133.149212","28.33082"," 2015-12-15","","ƒRƒyƒ‹ƒjƒNƒX","HR 3522","‚©‚ÉÀ","55”Ô¯ A","5.95","2015”N12Œ15“ú"
"Cor Caroli","Cor Caroli","HR 4915","alf02","Eï½±2","CVn","Aa","12560+3819","2.89","63125","112413","194.006943","38.318376"," 2016-07-20","","ƒRƒ‹ƒJƒƒŠ","HR 4915","‚è‚å‚¤‚¯‚ñÀ","ƒ¿2¯ Aa","2.89","2016”N7Œ20“ú"
"Cujam","Cujam","HR 6117","ome","Eï¿½","Her","A","16254+1402","4.57","80463","148112","246.353979","14.033274"," 2017-02-01","","ƒNƒ„ƒ€","HR 6117","ƒwƒ‹ƒNƒŒƒXÀ","ƒÖ¯ A","4.57","2017”N2Œ1“ú"
"Cursa","Cursa","HR 1666","bet","Eï½²","Eri","_","05078-0505","2.78","23875","33111","76.96244","-5.086446"," 2016-07-20","","ƒNƒ‹ƒT","HR 1666","ƒGƒŠƒ_ƒkƒXÀ","ƒÀ¯–","2.78","2016”N7Œ20“ú"
"Dabih","Dabih","HR 7776","bet01","Eï½²1","Cap","Aa","20210-1447","3.05","100345","193495","305.252803","-14.781405"," 2016-08-21","","ƒ_ƒr[","HR 7776","‚â‚¬À","ƒÀ1¯ Aa","3.05","2016”N8Œ21“ú"
"Dalim","Dalim","HR 963","alf","Eï½±","For","A","03121-2859","3.86","14879","20010","48.018864","-28.98762"," 2017-09-05","","ƒ_ƒŠƒ€","HR 963","‚ëÀ","ƒ¿¯ A","3.86","2017”N9Œ5“ú"
"Deneb","Deneb","HR 7924","alf","Eï½±","Cyg","_","20414+4517","1.25","102098","197345","310.35798","45.280339"," 2016-06-30","","ƒfƒlƒu","HR 7924","‚Í‚­‚¿‚å‚¤À","ƒ¿¯–","1.25","2016”N6Œ30“ú"
"Deneb Algedi","Deneb Algedi","HR 8322","del","Eï½´","Cap","Aa","21470-1608","2.85","107556","207098","326.760184","-16.127287"," 2017-02-01","","ƒfƒlƒuƒAƒ‹ƒQƒfƒB","HR 8322","‚â‚¬À","ƒÂ¯ Aa","2.85","2017”N2Œ1“ú"
"Denebola","Denebola","HR 4534","bet","Eï½²","Leo","_","11491+1434","2.14","57632","102647","177.26491","14.572058"," 2016-06-30","","ƒfƒlƒ{ƒ‰","HR 4534","‚µ‚µÀ","ƒÀ¯–","2.14","2016”N6Œ30“ú"
"Diadem","Diadem","HR 4968","alf","Eï½±","Com","A","13100+1732","4.85","64241","114378","197.497029","17.529447"," 2017-02-01","","ƒfƒBƒAƒfƒ€","HR 4968","‚©‚İ‚Ì‚¯À","ƒ¿¯ A","4.85","2017”N2Œ1“ú"
"Dingolay","Dingolay","HD 96063","_","_","Leo","_","_","8.21","54158","96063","166.185228","-2.513218"," 2019-12-17","","","","","","",""
"Diphda","Diphda","HR 188","bet","Eï½²","Cet","_","_","2.04","3419","4128","10.897379","-17.986606"," 2016-08-21","","ƒfƒBƒtƒ_","HR 188","‚­‚¶‚çÀ","ƒÀ¯","2.04","2016”N8Œ21“ú"
"Diwo","DEE½¬wEE½¶","WASP-17","_","_","Sco","_","15598-2804","11.49","      _","      _","239.962287","-28.061753"," 2019-12-17","","","","","","",""
"Diya","Diya","WASP-72","_","_","For","_","02442-3010","10.97","      _","      _","41.040041","-30.169045"," 2019-12-17","","","","","","",""
"Dofida","Dofida","HD 117618","_","_","Cen","_","_","7.17","66047","117618","203.106482","-47.271365"," 2019-12-17","","","","","","",""
"Dombay","Dombay","HAT-P-3","_","_","UMa","_","_","11.52","      _","      _","206.094141","48.028668"," 2019-12-17","","","","","","",""
"Dschubba","Dschubba","HR 5953","del","Eï½´","Sco","A","16003-2237","2.29","78401","143275","240.083359","-22.62171"," 2016-08-21","","ƒWƒ…ƒo","HR 5953","‚³‚»‚èÀ","ƒÂ¯ A","2.29","2016”N8Œ21“ú"
"Dubhe","Dubhe","HR 4301","alf","Eï½±","UMa","A","11037+6145","1.81","54061","95689","165.931965","61.751035"," 2016-06-30","","ƒhƒDƒx","HR 4301","‚¨‚¨‚®‚ÜÀ","ƒ¿¯ A","1.81","2016”N6Œ30“ú"
"Dziban","Dziban","HR 6636","psi01","Eï¿½","Dra","A","17419+7209","4.57","86614","162003","265.484814","72.148847"," 2017-09-05","","ƒWƒoƒ“","HR 6636","‚è‚ã‚¤À","ƒÕ1¯ A","4.57","2017”N9Œ5“ú"
"Ebla","Ebla","HD 218566","_","_","Psc","_","_","8.59","114322","218566","347.294696","-2.260746"," 2019-12-17","","","","","","",""
"Edasich","Edasich","HR 5744","iot","Eï½¹","Dra","_","15249+5858","3.29","75458","137759","231.232396","58.966063"," 2015-12-15","","ƒGƒ_ƒVƒN","HR 5744","‚è‚ã‚¤À","ƒÇ¯–","3.29","2015”N12Œ15“ú"
"Electra","Electra","HR 1142","17","17","Tau","_","03449+2407","3.72","17499","23302","56.218904","24.113336"," 2016-08-21","","ƒGƒŒƒNƒgƒ‰","HR 1142","‚¨‚¤‚µÀ","17”Ô¯–","3.72","2016”N8Œ21“ú"
"Elgafar","Elgafar","HR 5409","phi","Eï¿½","Vir","A","14282-0214","4.84","70755","126868","217.050575","-2.227957"," 2018-06-01","","ƒGƒ‹ƒKƒtƒ@ƒ‹","HR 5409","‚¨‚Æ‚ßÀ","ƒÓ¯ A","4.84","2018”N6Œ1“ú"
"Elkurud","Elkurud","HR 2177","tet","Eï½¸","Col","_","_","5","29034","42167","91.881801","-37.25292"," 2018-06-01","","ƒGƒ‹ƒNƒ‹ƒh","HR 2177","‚Í‚ÆÀ","ƒÆ¯","5","2018”N6Œ1“ú"
"Elnath","Elnath","HR 1791","bet","Eï½²","Tau","Aa","05263+2836","1.65","25428","35497","81.572971","28.607452"," 2016-07-20","","ƒGƒ‹ƒiƒg","HR 1791","‚¨‚¤‚µÀ","ƒÀ¯ Aa","1.65","2016”N7Œ20“ú"
"Eltanin","Eltanin","HR 6705","gam","Eï½³","Dra","_","17566+5129","2.24","87833","164058","269.151541","51.488896"," 2016-08-21","","ƒGƒ‹ƒ^ƒjƒ“","HR 6705","‚è‚ã‚¤À","ƒÁ¯–","2.24","2016”N8Œ21“ú"
"Emiw","Emiw","HD 7199","_","_","Tuc","_","_","8.06","5529","7199","17.696756","-66.188164"," 2019-12-17","","","","","","",""
"Enif","Enif","HR 8308","eps","Eï½µ","Peg","_","21442+0953","2.38","107315","206778","326.046484","9.875009"," 2016-07-20","","ƒGƒjƒt","HR 8308","ƒyƒKƒXƒXÀ","ƒÃ¯–","2.38","2016”N7Œ20“ú"
"Errai","Errai","HR 8974","gam","Eï½³","Cep","Aa","23393+7738","3.21","116727","222404","354.836655","77.632313"," 2015-12-15","","ƒGƒ‰ƒC","HR 8974","ƒPƒtƒFƒEƒXÀ","ƒÁ¯ Aa","3.21","2015”N12Œ15“ú"
"Fafnir","Fafnir","HR 6945","42","42","Dra","A","18260+6534","4.82","90344","170693","276.496406","65.56348"," 2015-12-15","","ƒtƒ@ƒtƒj[ƒ‹","HR 6945","‚è‚ã‚¤À","42”Ô¯ A","4.82","2015”N12Œ15“ú"
"Fang","Fang","HR 5944","pi","EÂ€","Sco","Aa","15589-2607","2.89","78265","143018","239.712972","-26.114108"," 2017-06-30","","ƒtƒ@ƒ“i–[j","HR 5944","‚³‚»‚èÀ","ƒÎ¯ Aa","2.89","2017”N6Œ30“ú"
"Fawaris","Fawaris","HR 7528","del","Eï½´","Cyg","A","19450+4508","2.9","97165","186882","296.243658","45.13081"," 2018-06-01","","ƒtƒ@ƒ[ƒŠƒX","HR 7528","‚Í‚­‚¿‚å‚¤À","ƒÂ¯ A","2.9","2018”N6Œ1“ú"
"Felis","Felis","HR 3923","_","_","Hya","_","_","4.94","48615","85951","148.717528","-19.009336"," 2018-06-01","","ƒtƒFƒŠƒX","HR 3923","‚¤‚İ‚Ö‚ÑÀ","HD 85951","4.94","2018”N6Œ1“ú"
"Felixvarela","Felixvarela","BD-17 63","_","_","Cet","_","_","9.62","2247","      _","7.142942","-16.226345"," 2019-12-17","","","","","","",""
"Flegetonte","Flegetonte","HD 102195","_","_","Vir","_","11457+0249","8.07","57370","102195","176.42622","2.821479"," 2019-12-17","","","","","","",""
"Fomalhaut","Fomalhaut","HR 8728","alf","Eï½±","PsA","A","22577-2937","1.17","113368","216956","344.412693","-29.622237"," 2015-12-15","","ƒtƒH[ƒ}ƒ‹ƒnƒEƒg","HR 8728","‚İ‚È‚İ‚Ì‚¤‚¨À","ƒ¿¯ A","1.17","2015”N12Œ15“ú"
"Formosa","Formosa","HD 100655","_","_","Leo","_","_","6.45","56508","100655","173.765637","20.441545"," 2019-12-17","","","","","","",""
"Franz","Franz","HAT-P-14","_","_","Her","_","17205+3815","9.86","      _","      _","260.11616","38.242197"," 2019-12-17","","","","","","",""
"Fulu","Fulu","HR 153","zet","Eï½¶","Cas","_","_","3.69","2920","3360","9.242851","53.896908"," 2017-06-30","","ƒt[ƒ‹[i•˜Hj[21]","HR 153","ƒJƒVƒIƒyƒ„À","ƒÄ¯","3.69","2017”N6Œ30“ú"
"Fumalsamakah","Fumalsamakah","HR 8773","bet","Eï½²","Psc","_","_","4.48","113889","217891","345.969225","3.820045"," 2018-06-01","","ƒtƒ€ƒAƒ‹ƒTƒ}ƒJ","HR 8773","‚¤‚¨À","ƒÀ¯","4.48","2018”N6Œ1“ú"
"Funi","Funi","HD 109246","_","_","Dra","_","_","8.75","61177","109246","188.029952","74.489547"," 2019-12-17","","","","","","",""
"Furud","Furud","HR 2282","zet","Eï½¶","CMa","Aa","06203-3004","3.02","30122","44402","95.0783","-30.063367"," 2016-07-20","","ƒtƒ‹ƒh","HR 2282","‚¨‚¨‚¢‚ÊÀ","ƒÄ¯ Aa","3.02","2016”N7Œ20“ú"
"Fuyue","Fuyue","HR 6630","_","_","Sco","_","17499-3703","3.19","87261","161892","267.464503","-37.043305"," 2017-06-30","","ƒt[ƒ†ƒF[i˜úàj[22]","HR 6630","‚³‚»‚èÀ","G¯–","3.19","2017”N6Œ30“ú"
"Gacrux","Gacrux","HR 4763","gam","Eï½³","Cru","_","12312-5707","1.59","61084","108903","187.791498","-57.113213"," 2016-07-20","","ƒKƒNƒ‹ƒbƒNƒX","HR 4763","‚İ‚È‚İ‚¶‚ã‚¤‚¶À","ƒÁ¯–","1.59","2016”N7Œ20“ú"
"Gakyid","Gakyid","HD 73534","_","_","Cnc","_","_","8.23","42446","73534","129.815846","12.960375"," 2019-12-17","","","","","","",""
"Giausar","Giausar","HR 4434","lam","Eï½»","Dra","_","_","3.82","56211","100029","172.85092","69.331075"," 2017-02-01","","ƒMƒƒƒEƒTƒ‹","HR 4434","‚è‚ã‚¤À","ƒÉ¯","3.82","2017”N2Œ1“ú"
"Gienah","Gienah","HR 4662","gam","Eï½³","Crv","_","12158-1733","2.58","59803","106625","183.951543","-17.541929"," 2016-11-06","","ƒMƒFƒi[","HR 4662","‚©‚ç‚·À","ƒÁ¯ A","2.58","2016”N11Œ6“ú"
"Ginan","Ginan","HR 4700","eps","Eï½µ","Cru","_","_","3.59","60260","107446","185.340039","-60.401147"," 2017-11-17","","ƒMƒiƒ“","HR 4700","‚İ‚È‚İ‚¶‚ã‚¤‚¶À","ƒÃ¯","3.59","2017”N11Œ17“ú"
"Gloas","Gloas","WASP-13","_","_","Lyn","_","_","10.51","      _","      _","140.102977","33.882417"," 2019-12-17","","","","","","",""
"Gomeisa","Gomeisa","HR 2845","bet","Eï½²","CMi","A","07272+0817","2.89","36188","58715","111.787674","8.289316"," 2016-07-20","","ƒSƒƒCƒT","HR 2845","‚±‚¢‚ÊÀ","ƒÀ¯ A","2.89","2016”N7Œ20“ú"
"Grumium","Grumium","HR 6688","ksi","Eï½¾","Dra","A","17535+5652","3.73","87585","163588","268.382207","56.872646"," 2016-09-12","","ƒOƒ‹ƒ~ƒEƒ€","HR 6688","‚è‚ã‚¤À","ƒÌ¯ A","3.73","2016”N9Œ12“ú"
"Gudja","Gudja","HR 5879","kap","Eï½º","Ser","_","_","4.09","77450","141477","237.184903","18.141564"," 2018-08-10","","ƒOƒWƒƒ","HR 5879","‚Ö‚ÑÀ","ƒÈ¯","4.09","2018”N8Œ10“ú"
"Gumala","Gumala","HD 179949","V5652","V5652","Sgr","_","19156-2411","6.25","94645","179949","288.888459","-24.179354"," 2019-12-17","","","","","","",""
"Guniibuu","Guniibuu","HR 6402","36","_","Oph","A","17153-2636","5.07","84405","155886","258.837875","-26.598892"," 2018-08-10","","ƒOƒj[ƒu[","HR 6402","‚Ö‚Ñ‚Â‚©‚¢À","36”Ô¯ A","5.07","2018”N8Œ10“ú"
"Hadar","Hadar","HR 5267","bet","Eï½²","Cen","Aa","14038-6022","0.61","68702","122451","210.955856","-60.373035"," 2016-08-21","","ƒnƒ_ƒ‹","HR 5267","ƒPƒ“ƒ^ƒEƒ‹ƒXÀ","ƒÀ¯ Aa","0.61","2016”N8Œ21“ú"
"Haedus","Haedus","HR 1641","eta","Eï½·","Aur","_","_","3.18","23767","32630","76.628722","41.234476"," 2017-06-30","","ƒnƒGƒhƒDƒX","HR 1641","‚¬‚å‚µ‚áÀ","ƒÅ¯","3.18","2017”N6Œ30“ú"
"Hamal","Hamal","HR 617","alf","Eï½±","Ari","_","_","2.01","9884","12929","31.793357","23.462418"," 2016-07-20","","ƒnƒ}ƒ‹","HR 617","‚¨‚Ğ‚Â‚¶À","ƒ¿¯","2.01","2016”N7Œ20“ú"
"Hassaleh","Hassaleh","HR 1577","iot","Eï½¹","Aur","_","_","2.69","23015","31398","74.248421","33.1661"," 2017-06-30","","ƒnƒbƒTƒŒ[[14]","HR 1577","‚¬‚å‚µ‚áÀ","ƒÇ¯","2.69","2017”N6Œ30“ú"
"Hatysa","Hatysa","HR 1899","iot","Eï½¹","Ori","Aa","05354-0555","2.8","26241","37043","83.858258","-5.909901"," 2017-09-05","","ƒnƒ`ƒT[28]","HR 1899","ƒIƒŠƒIƒ“À","ƒÇ¯ Aa","2.8","2017”N9Œ5“ú"
"Helvetios","Helvetios","HR 8729","51","51","Peg","_","22575+2046","5.49","113357","217014","344.366583","20.768831"," 2015-12-15","","ƒwƒ‹ƒxƒeƒBƒIƒX","HR 8729","ƒyƒKƒXƒXÀ","51”Ô¯–","5.49","2015”N12Œ15“ú"
"Heze","Heze","HR 5107","zet","Eï½¶","Vir","A","13347-0036","3.38","66249","118098","203.6733","-0.59582"," 2018-06-01","","ƒwƒ[[14]","HR 5107","‚¨‚Æ‚ßÀ","ƒÄ¯ A","3.38","2018”N6Œ1“ú"
"Hoggar","Hoggar","HD 28678","_","_","Tau","_","_","8.38","21109","28678","67.856059","4.575295"," 2019-12-17","","","","","","",""
"Homam","Homam","HR 8634","zet","Eï½¶","Peg","A","22415+1050","3.41","112029","214923","340.365503","10.831363"," 2016-08-21","","ƒzƒ}ƒ€","HR 8634","ƒyƒKƒXƒXÀ","ƒÄ¯ A","3.41","2016”N8Œ21“ú"
"Horna","Horna","HAT-P-38","_","_","Tri","_","_","12.53","      _","      _","35.383251","32.246136"," 2019-12-17","","","","","","",""
"Hunahpu","HunahpEE½º","HD 98219","_","_","Crt","_","_","8.05","55174","98219","169.448138","-23.975415"," 2019-12-17","","","","","","",""
"Hunor","Hunor","HAT-P-2","_","_","Her","_","_","8.72","80076","147506","245.151491","41.048086"," 2019-12-17","","","","","","",""
"Iklil","Iklil","HR 5928","rho","Eï¿½","Sco","Aa","15569-2913","3.87","78104","142669","239.221151","-29.214073"," 2017-09-05","","ƒCƒNƒŠ[ƒ‹[30]","HR 5928","‚³‚»‚èÀ","ƒÏ¯ Aa","3.87","2017”N9Œ5“ú"
"Illyrian","Illyrian","HD 82886","_","_","LMi","_","_","7.62","47087","82886","143.938267","34.780742"," 2019-12-17","","","","","","",""
"Imai","Imai","HR 4656","del","Eï½´","Cru","_","_","2.75","59747","106490","183.78632","-58.748927"," 2018-08-10","","ƒCƒ}ƒC","HR 4656","‚İ‚È‚İ‚¶‚ã‚¤‚¶À","ƒÂ¯","2.75","2018”N8Œ10“ú"
"Inquill","Inquill","HD 156411","_","_","Ara","_","_","6.67","84787","156411","259.964168","-48.54932"," 2019-12-17","","","","","","",""
"Intan","Intan","HD 20868","_","_","For","_","_","9.92","15578","20868","50.177891","-33.730104"," 2019-12-17","","","","","","",""
"Intercrus","Intercrus","HR 3743","_","_","UMa","_","09287+4536","5.41","46471","81688","142.166618","45.601482"," 2015-12-15","","ƒCƒ“ƒeƒ‹ƒNƒ‹[ƒX[5]","HR 3743","‚¨‚¨‚®‚ÜÀ","-","5.41","2015”N12Œ15“ú"
"Irena","Irena","WASP-38","_","_","Her","_","_","9.41","      _","      _","243.959855","10.032579"," 2019-12-17","","","","","","",""
"Itonda","Itonda","HD 208487","_","_","Gru","_","_","7.47","108375","208487","329.332698","-37.763624"," 2019-12-17","","","","","","",""
"Izar","Izar","HR 5506","eps","Eï½µ","Boo","A","14450+2704","2.35","72105","129988","221.246763","27.074207"," 2016-08-21","","ƒCƒU[ƒ‹","HR 5506","‚¤‚µ‚©‚¢À","ƒÃ¯ A","2.35","2016”N8Œ21“ú"
"Jabbah","Jabbah","HR 6027","nu","Eï½½","Sco","Aa","16120-1928","4.5","79374","145502","242.998894","-19.460708"," 2017-06-30","","ƒWƒƒƒbƒo","HR 6027","‚³‚»‚èÀ","ƒË¯ Aa","4.5","2017”N6Œ30“ú"
"Jishui","Jishui","HR 2930","omi","Eï½¿","Gem","_","_","4.89","37265","61110","114.791387","34.584346"," 2017-06-30","","ƒW[ƒVƒ…ƒCiÏ…j[21]","HR 2930","‚Ó‚½‚²À","ƒÍ¯","4.89","2017”N6Œ30“ú"
"Kaffaljidhma","Kaffaljidhma","HR 804","gam","Eï½³","Cet","A","02433+0314","3.56","12706","16970","40.825163","3.235816"," 2017-02-01","","ƒJƒtƒ@ƒ‹ƒWƒhƒ}","HR 804","‚­‚¶‚çÀ","ƒÁ¯ A","3.56","2017”N2Œ1“ú"
"Kalausi","Kalausi","HD 83443","_","_","Vel","_","09372-4316","8.23","47202","83443","144.299282","-43.272204"," 2019-12-17","","","","","","",""
"Kamuy","Kamuy","HD 145457","_","_","CrB","_","_","6.57","79219","145457","242.51631","26.742748"," 2019-12-17","","","","","","",""
"Kang","Kang","HR 5315","kap","Eï½º","Vir","_","_","4.18","69427","124294","213.223939","-10.273704"," 2017-06-30","","ƒJƒ“i˜´j","HR 5315","‚¨‚Æ‚ßÀ","ƒÈ¯","4.18","2017”N6Œ30“ú"
"Karaka","Karaka","HD 137388","_","_","Aps","_","15357-8012","8.71","76351","137388","233.916337","-80.204594"," 2019-12-17","","","","","","",""
"Kaus Australis","Kaus Australis","HR 6879","eps","Eï½µ","Sgr","A","18242-3423","1.79","90185","169022","276.042993","-34.384616"," 2016-07-20","","ƒJƒEƒXƒAƒEƒXƒgƒ‰ƒŠƒX","HR 6879","‚¢‚ÄÀ","ƒÃ¯ A","1.79","2016”N7Œ20“ú"
"Kaus Borealis","Kaus Borealis","HR 6913","lam","Eï½»","Sgr","_","18280-2525","2.82","90496","169916","276.992668","-25.421701"," 2016-07-20","","ƒJƒEƒXƒ{ƒŒƒAƒŠƒX","HR 6913","‚¢‚ÄÀ","ƒÉ¯–","2.82","2016”N7Œ20“ú"
"Kaus Media","Kaus Media","HR 6859","del","Eï½´","Sgr","_","18210-2950","2.72","89931","168454","275.248508","-29.828104"," 2016-07-20","","ƒJƒEƒXƒƒfƒBƒA","HR 6859","‚¢‚ÄÀ","ƒÂ¯–","2.72","2016”N7Œ20“ú"
"Kaveh","Kaveh","HD 175541","_","_","Ser","_","_","8.02","92895","175541","283.92035","4.265323"," 2019-12-17","","","","","","",""
"Keid","Keid","HR 1325","omi02","Eï½¿2","Eri","A","04153-0739","4.43","19849","26965","63.817999","-7.652872"," 2016-09-12","","ƒJƒCƒh","HR 1325","ƒGƒŠƒ_ƒkƒXÀ","ƒÍ2¯ A","4.43","2016”N9Œ12“ú"
"Khambalia","Khambalia","HR 5359","lam","Eï½»","Vir","A","14191-1322","4.52","69974","125337","214.777468","-13.371096"," 2017-09-05","","ƒJƒ“ƒoƒŠƒA","HR 5359","‚¨‚Æ‚ßÀ","ƒÉ¯ A","4.52","2017”N9Œ5“ú"
"Kitalpha","Kitalpha","HR 8131","alf","Eï½±","Equ","A","21158+0515","3.92","104987","202447","318.955949","5.247865"," 2016-08-21","","ƒLƒ^ƒ‹ƒtƒ@","HR 8131","‚±‚¤‚ÜÀ","ƒ¿¯ A","3.92","2016”N8Œ21“ú"
"Kochab","Kochab","HR 5563","bet","Eï½²","UMi","_","14507+7409","2.07","72607","131873","222.676357","74.155504"," 2016-07-20","","ƒRƒJƒu","HR 5563","‚±‚®‚ÜÀ","ƒÀ¯–","2.07","2016”N7Œ20“ú"
"Koeia","Koeia","HIP 12961","_","_","Eri","_","_","10.25","12961","      _","41.678695","-23.086612"," 2019-12-17","","","","","","",""
"Koit","Koit","XO-4","_","_","Lyn","_","_","10.62","      _","      _","110.388168","58.268087"," 2019-12-17","","","","","","",""
"Kornephoros","Kornephoros","HR 6148","bet","Eï½²","Her","Aa","16302+2129","2.78","80816","148856","247.554998","21.489611"," 2016-08-21","","ƒRƒ‹ƒlƒtƒHƒƒX","HR 6148","ƒwƒ‹ƒNƒŒƒXÀ","ƒÀ¯ Aa","2.78","2016”N8Œ21“ú"
"Kraz","Kraz","HR 4786","bet","Eï½²","Crv","_","_","2.65","61359","109379","188.59681","-23.396759"," 2018-06-01","","ƒNƒ‰ƒY","HR 4786","‚©‚ç‚·À","ƒÀ¯","2.65","2018”N6Œ1“ú"
"Kurhah","Kurhah","HR 8417","ksi","Eï½¾","Cep","Aa","22038+6438","4.26","108917","209790","330.947724","64.627971"," 2016-09-12","","ƒNƒ‹ƒn","HR 8417","ƒPƒtƒFƒEƒXÀ","ƒÌ¯ Aa","4.26","2016”N9Œ12“ú"
"La Superba","La Superba","HR 4846","Y","Y","CVn","_","_","5.42","62223","110914","191.282615","45.440257"," 2018-08-10","","ƒ‰ƒXƒyƒ‹ƒo","HR 4846","‚è‚å‚¤‚¯‚ñÀ","Y¯","5.42","2018”N8Œ10“ú"
"Larawag","Larawag","HR 6241","eps","Eï½µ","Sco","_","_","2.29","82396","151680","252.540878","-34.293232"," 2017-11-17","","ƒ‰ƒ‰ƒƒO","HR 6241","‚³‚»‚èÀ","ƒÃ¯","2.29","2017”N11Œ17“ú"
"Lerna","Lerna","HAT-P-42","_","_","Hya","_","_","12.15","      _","      _","135.344371","6.097227"," 2019-12-17","","","","","","",""
"Lesath","Lesath","HR 6508","ups","Eï¿½","Sco","_","_","2.7","85696","158408","262.690979","-37.295813"," 2016-08-21","","ƒŒƒTƒg","HR 6508","‚³‚»‚èÀ","ƒÒ¯","2.7","2016”N8Œ21“ú"
"Libertas","Libertas","HR 7595","ksi","Eï½¾","Aql","A","19542+0828","4.71","97938","188310","298.562008","8.461453"," 2015-12-15","","ƒŠƒxƒ‹ƒ^ƒX[6]","HR 7595","‚í‚µÀ","ƒÌ¯ A","4.71","2015”N12Œ15“ú"
"Lich","Lich","PSR B1257+12","_","_","Vir","_","_","     _","      _","      _","195.012701","12.682417"," 2015-12-15","","ƒŠƒbƒ`","PSR B1257+12","‚¨‚Æ‚ßÀ","-","-","2015”N12Œ15“ú"
"Liesma","Liesma","HD 118203","_","_","UMa","_","_","8.05","66192","118203","203.510581","53.728527"," 2019-12-17","","","","","","",""
"Lilii Borea","Lilii Borea","HR 824","39","39","Ari","_","_","4.52","13061","17361","41.977256","29.247115"," 2017-09-05","","ƒŠƒŠ[ƒ{ƒŒƒA","HR 824","‚¨‚Ğ‚Â‚¶À","39”Ô¯","4.52","2017”N9Œ5“ú"
"Lionrock","Lionrock","HD 212771","_","_","Aqr","_","_","7.6","110813","212771","336.762801","-17.263656"," 2019-12-17","","","","","","",""
"Lucilinburhuc","Lucilinburhuc","HD 45350","_","_","Aur","_","_","7.89","30860","45350","97.190463","38.962962"," 2019-12-17","","","","","","",""
"Lusitania","LusitEE½¢nia","HD 45652","_","_","Mon","_","_","8.1","30905","45652","97.304966","10.933891"," 2019-12-17","","","","","","",""
"Maasym","Maasym","HR 6526","lam","Eï½»","Her","_","_","4.41","85693","158899","262.684626","26.110645"," 2016-09-12","","ƒ}ƒVƒ€","HR 6526","ƒwƒ‹ƒNƒŒƒXÀ","ƒÉ¯","4.41","2016”N9Œ12“ú"
"Macondo","Macondo","HD 93083","_","_","Ant","_","_","8.3","52521","93083","161.087146","-33.577024"," 2019-12-17","","","","","","",""
"Mago","Mago","HD 32518","_","_","Cam","_","_","6.43","24003","32518","77.403","69.639404"," 2019-12-17","","","","","","",""
"Mahasim","Mahasim","HR 2095","tet","Eï½¸","Aur","A","05597+3713","2.65","28380","40312","89.930292","37.212585"," 2017-06-30","","ƒ}ƒnƒVƒ€","HR 2095","‚¬‚å‚µ‚áÀ","ƒÆ¯ A","2.65","2017”N6Œ30“ú"
"Mahsati","Mahsati","HD 152581","_","_","Oph","_","_","8.38","82651","152581","253.431594","11.973748"," 2019-12-17","","","","","","",""
"Maia","Maia","HR 1149","20","20","Tau","_","03458+2422","3.87","17573","23408","56.456695","24.367751"," 2016-07-20","","ƒ}ƒCƒA","HR 1149","‚¨‚¤‚µÀ","20”Ô¯–","3.87","2016”N7Œ20“ú"
"Malmok","Malmok","WASP-39","V732","V732","Vir","_","14293-0327","11.89","      _","      _","217.32673","-3.444501"," 2019-12-17","","","","","","",""
"Marfik","Marfik","HR 6149","lam","Eï½»","Oph","A","16309+0159","3.82","80883","148857","247.728453","1.983888"," 2016-09-12","","ƒ}ƒ‹ƒtƒBƒN","HR 6149","‚Ö‚Ñ‚Â‚©‚¢À","ƒÉ¯ A","3.82","2016”N9Œ12“ú"
"Markab","Markab","HR 8781","alf","Eï½±","Peg","_","_","2.49","113963","218045","346.190223","15.205267"," 2016-06-30","","ƒ}ƒ‹ƒJƒu","HR 8781","ƒyƒKƒXƒXÀ","ƒ¿¯","2.49","2016”N6Œ30“ú"
"Markeb","Markeb","HR 3734","kap","Eï½º","Vel","_","_","2.47","45941","81188","140.528407","-55.010667"," 2017-09-05","","ƒ}ƒ‹ƒPƒu","HR 3734","‚ÙÀ","ƒÈ¯","2.47","2017”N9Œ5“ú"
"Marohu","MEE½¡rohu","WASP-6","_","_","Aqr","_","_","12.16","      _","      _","348.157237","-22.673966"," 2019-12-17","","","","","","",""
"Marsic","Marsic","HR 6008","kap","Eï½º","Her","A","16081+1703","5","79043","145001","242.018857","17.04698"," 2017-02-01","","ƒ}ƒ‹ƒVƒN[14]","HR 6008","ƒwƒ‹ƒNƒŒƒXÀ","ƒÈ¯ A","5","2017”N2Œ1“ú"
"Matar","Matar","HR 8650","eta","Eï½·","Peg","Aa","22430+3013","2.93","112158","215182","340.750579","30.221244"," 2016-08-21","","ƒ}ƒ^ƒ‹","HR 8650","ƒyƒKƒXƒXÀ","ƒÅ¯ Aa","2.93","2016”N8Œ21“ú"
"Mazaalai","Mazaalai","HAT-P-21","_","_","UMa","_","_","11.72","      _","      _","171.274941","41.027964"," 2020-03-01","","","","","","",""
"Mebsuta","Mebsuta","HR 2473","eps","Eï½µ","Gem","","06439+2508","3.06","32246","48329","100.983026","25.131127"," 2016-07-20","","ƒƒuƒXƒ^","HR 2473","‚Ó‚½‚²À","ƒÃ¯–","3.06","2016”N7Œ20“ú"
"Megrez","Megrez","HR 4660","del","Eï½´","UMa","_","12154+5702","3.32","59774","106591","183.856503","57.032615"," 2016-06-30","","ƒƒOƒŒƒY","HR 4660","‚¨‚¨‚®‚ÜÀ","ƒÂ¯–","3.32","2016”N6Œ30“ú"
"Meissa","Meissa","HR 1879","lam","Eï½»","Ori","A","05351+0956","3.39","26207","36861","83.784486","9.934156"," 2016-07-20","","ƒƒCƒT","HR 1879","ƒIƒŠƒIƒ“À","ƒÉ¯ A","3.39","2016”N7Œ20“ú"
"Mekbuda","Mekbuda","HR 2650","zet","Eï½¶","Gem","Aa","07041+2034","4.01","34088","52973","106.027215","20.570295"," 2016-09-12","","ƒƒNƒuƒ_","HR 2650","‚Ó‚½‚²À","ƒÄ¯ Aa","4.01","2016”N9Œ12“ú"
"Meleph","Meleph","HR 3429","eps","Eï½µ","Cnc","Aa","08405+1933","6.29","42556","73731","130.112544","19.544809"," 2017-09-05","","ƒƒŒƒt[12]","HR 3429","‚©‚ÉÀ","ƒÃ¯ Aa","6.29","2017”N9Œ5“ú"
"Menkalinan","Menkalinan","HR 2088","bet","Eï½²","Aur","Aa","05595+4457","1.9","28360","40183","89.882179","44.947433"," 2016-07-20","","ƒƒ“ƒJƒŠƒiƒ“","HR 2088","‚¬‚å‚µ‚áÀ","ƒÀ¯ Aa","1.9","2016”N7Œ20“ú"
"Menkar","Menkar","HR 911","alf","Eï½±","Cet","_","_","2.54","14135","18884","45.569885","4.089737"," 2016-06-30","","ƒƒ“ƒJƒ‹","HR 911","‚­‚¶‚çÀ","ƒ¿¯","2.54","2016”N6Œ30“ú"
"Menkent","Menkent","HR 5288","tet","Eï½¸","Cen","_","14067-3622","2.06","68933","123139","211.670617","-36.369958"," 2016-08-21","","ƒƒ“ƒPƒ“ƒg[9]","HR 5288","ƒPƒ“ƒ^ƒEƒ‹ƒXÀ","ƒÆ¯–","2.06","2016”N8Œ21“ú"
"Menkib","Menkib","HR 1228","ksi","Eï½¾","Per","_","03590+3547","3.98","18614","24912","59.741253","35.791032"," 2016-09-12","","ƒƒ“ƒLƒu","HR 1228","ƒyƒ‹ƒZƒEƒXÀ","ƒÌ¯–","3.98","2016”N9Œ12“ú"
"Merak","Merak","HR 4295","bet","Eï½²","UMa","_","_","2.34","53910","95418","165.460319","56.382426"," 2016-06-30","","ƒƒ‰ƒN","HR 4295","‚¨‚¨‚®‚ÜÀ","ƒÀ¯","2.34","2016”N6Œ30“ú"
"Merga","Merga","HR 5533","38","38","Boo","_","_","5.76","72487","130945","222.327791","46.116206"," 2016-09-12","","ƒƒ‹ƒK","HR 5533","‚¤‚µ‚©‚¢À","38”Ô¯","5.76","2016”N9Œ12“ú"
"Meridiana","Meridiana","HR 7254","alf","Eï½±","CrA","_","_","4.11","94114","178253","287.368087","-37.904473"," 2017-09-05","","ƒƒŠƒfƒBƒAƒi","HR 7254","‚İ‚È‚İ‚Ì‚©‚ñ‚Ş‚èÀ","ƒ¿¯","4.11","2017”N9Œ5“ú"
"Merope","Merope","HR 1156","23","23","Tau","Aa","03463+2357","4.14","17608","23480","56.581552","23.948348"," 2016-07-20","","ƒƒ[ƒy","HR 1156","‚¨‚¤‚µÀ","23”Ô¯ Aa","4.14","2016”N7Œ20“ú"
"Mesarthim","Mesarthim","HR 546","gam02","Eï½³2","Ari","A","01535+1918","4.75","8832","11502","28.38256","19.293852"," 2016-08-21","","ƒƒTƒ‹ƒeƒBƒ€","HR 546","‚¨‚Ğ‚Â‚¶À","ƒÁ2¯ A","4.75","2016”N8Œ21“ú"
"Miaplacidus","Miaplacidus","HR 3685","bet","Eï½²","Car","_","_","1.67","45238","80007","138.299906","-69.717208"," 2016-07-20","","ƒ~ƒAƒvƒ‰ƒLƒhƒDƒX","HR 3685","‚è‚ã‚¤‚±‚ÂÀ","ƒÀ¯","1.67","2016”N7Œ20“ú"
"Mimosa","Mimosa","HR 4853","bet","Eï½²","Cru","_","12477-5941","1.25","62434","111123","191.930263","-59.688764"," 2016-07-20","","ƒ~ƒ‚ƒU","HR 4853","‚İ‚È‚İ‚¶‚ã‚¤‚¶À","ƒÀ¯–","1.25","2016”N7Œ20“ú"
"Minchir","Minchir","HR 3418","sig","Eï¿½","Hya","_","_","4.45","42402","73471","129.689323","3.341436"," 2017-09-05","","ƒ~ƒ“ƒLƒ‹","HR 3418","‚¤‚İ‚Ö‚ÑÀ","ƒĞ¯","4.45","2017”N9Œ5“ú"
"Minelauva","Minelauva","HR 4910","del","Eï½´","Vir","_","12556+0324","3.39","63090","112300","193.900869","3.39747"," 2017-06-30","","ƒ~ƒlƒ‰ƒEƒo[20]","HR 4910","‚¨‚Æ‚ßÀ","ƒÂ¯–","3.39","2017”N6Œ30“ú"
"Mintaka","Mintaka","HR 1852","del","Eï½´","Ori","Aa","05320-0018","2.25","25930","36486","83.001667","-0.299095"," 2016-07-20","","ƒ~ƒ“ƒ^ƒJ","HR 1852","ƒIƒŠƒIƒ“À","ƒÂ¯ Aa","2.25","2016”N7Œ20“ú"
"Mira","Mira","HR 681","omi","Eï½¿","Cet","Aa","02193-0259","6.47","10826","14386","34.836617","-2.97764"," 2016-06-30","","ƒ~ƒ‰","HR 681","‚­‚¶‚çÀ","ƒÍ¯ Aa","6.47","2016”N6Œ30“ú"
"Mirach","Mirach","HR 337","bet","Eï½²","And","_","01097+3537","2.07","5447","6860","17.433013","35.620557"," 2016-06-30","","ƒ~ƒ‰ƒN","HR 337","ƒAƒ“ƒhƒƒƒ_À","ƒÀ¯–","2.07","2016”N6Œ30“ú"
"Miram","Miram","HR 834","eta","Eï½·","Per","A","02507+5554","3.77","13268","17506","42.674207","55.895497"," 2017-09-05","","ƒ~ƒ‰ƒ€[29]","HR 834","ƒyƒ‹ƒZƒEƒXÀ","ƒÅ¯ A","3.77","2017”N9Œ5“ú"
"Mirfak","Mirfak","HR 1017","alf","Eï½±","Per","_","03243+4952","1.79","15863","20902","51.080709","49.861179"," 2016-07-20","","ƒ~ƒ‹ƒtƒ@ƒN","HR 1017","ƒyƒ‹ƒZƒEƒXÀ","ƒ¿¯–","1.79","2016”N7Œ20“ú"
"Mirzam","Mirzam","HR 2294","bet","Eï½²","CMa","_","06227-1757","1.98","30324","44743","95.674939","-17.955919"," 2016-07-20","","ƒ~ƒ‹ƒUƒ€","HR 2294","‚¨‚¨‚¢‚ÊÀ","ƒÀ¯–","1.98","2016”N7Œ20“ú"
"Misam","Misam","HR 941","kap","Eï½º","Per","Aa","03095+4451","3.79","14668","19476","47.374048","44.857541"," 2017-09-05","","ƒ~ƒTƒ€[27]","HR 941","ƒyƒ‹ƒZƒEƒXÀ","ƒÈ¯ Aa","3.79","2017”N9Œ5“ú"
"Mizar","Mizar","HR 5054","zet","Eï½¶","UMa","Aa","13239+5456","2.23","65378","116656","200.981429","54.925362"," 2016-06-30","","ƒ~ƒU[ƒ‹","HR 5054","‚¨‚¨‚®‚ÜÀ","ƒÄ¯ Aa[’ß 3]","2.23","2016”N6Œ30“ú"
"Moldoveanu","Moldoveanu","XO-1","_","_","CrB","_","_","11.28","      _","      _","240.54936","28.169561"," 2019-12-17","","","","","","",""
"Monch","MEE½¶nch","HD 130322","_","_","Vir","_","14475-0017","8.04","72339","130322","221.886361","-0.281474"," 2019-12-17","","","","","","",""
"Montuno","Montuno","WASP-79","_","_","Eri","_","_","10.06","      _","      _","66.370903","-30.600447"," 2019-12-17","","","","","","",""
"Morava","Morava","WASP-60","_","_","Peg","_","_","12.18","      _","      _","356.666561","31.155937"," 2019-12-17","","","","","","",""
"Moriah","Moriah","HAT-P-23","_","_","Del","_","_","12.32","      _","      _","306.123848","16.76217"," 2019-12-17","","","","","","",""
"Mothallah","Mothallah","HR 544","alf","Eï½±","Tri","_","01531+2935","3.42","8796","11443","28.27045","29.578826"," 2016-08-21","","ƒ‚ƒTƒbƒ‰[","HR 544","‚³‚ñ‚©‚­À","ƒ¿¯–","3.42","2016”N8Œ21“ú"
"Mouhoun","Mouhoun","HD 30856","_","_","Eri","_","_","7.91","22491","30856","72.574423","-24.368843"," 2019-12-17","","","","","","",""
"Mpingo","Mpingo","WASP-71","_","_","Cet","_","_","10.7","      _","      _","29.26335","0.758855"," 2019-12-17","","","","","","",""
"Muliphein","Muliphein","HR 2657","gam","Eï½³","CMa","_","_","4.11","34045","53244","105.939554","-15.633286"," 2016-08-21","","ƒ€ƒŠƒtƒFƒCƒ“","HR 2657","‚¨‚¨‚¢‚ÊÀ","ƒÁ¯","4.11","2016”N8Œ21“ú"
"Muphrid","Muphrid","HR 5235","eta","Eï½·","Boo","Aa","13547+1824","2.68","67927","121370","208.671161","18.397717"," 2016-09-12","","ƒ€ƒtƒŠƒh","HR 5235","‚¤‚µ‚©‚¢À","ƒÅ¯ Aa","2.68","2016”N9Œ12“ú"
"Muscida","Muscida","HR 3323","omi","Eï½¿","UMa","A","08303+6043","3.35","41704","71369","127.566128","60.71817"," 2016-07-20","","ƒ€ƒVƒ_","HR 3323","‚¨‚¨‚®‚ÜÀ","ƒÍ¯ A","3.35","2016”N7Œ20“ú"
"Musica","Musica","HR 8030","18","18","Del","_","20584+1050","5.48","103527","199665","314.608058","10.839286"," 2015-12-15","","ƒ€ƒWƒJ[4]","HR 8030","‚¢‚é‚©À","18”Ô¯–","5.48","2015”N12Œ15“ú"
"Muspelheim","Muspelheim","HAT-P-29","_","_","Per","_","02125+5147","11.89","      _","      _","33.13116","51.778767"," 2019-12-17","","","","","","",""
"Nahn","Nahn","HR 3627","ksi","Eï½¾","Cnc","A","09094+2203","5.7","44946","78515","137.339722","22.045446"," 2018-06-01","","ƒi[ƒ“","HR 3627","‚©‚ÉÀ","ƒÌ¯ A","5.7","2018”N6Œ1“ú"
"Naledi","Naledi","WASP-62","_","_","Dor","_","_","10.12","      _","      _","87.139974","-63.988441"," 2019-12-17","","","","","","",""
"Naos","Naos","HR 3165","zet","Eï½¶","Pup","_","_","2.21","39429","66811","120.896031","-40.003148"," 2016-08-21","","ƒiƒIƒX","HR 3165","‚Æ‚àÀ","ƒÄ¯","2.21","2016”N8Œ21“ú"
"Nashira","Nashira","HR 8278","gam","Eï½³","Cap","A","_","3.69","106985","206088","325.022735","-16.662308"," 2016-08-21","","ƒiƒVƒ‰","HR 8278","‚â‚¬À","ƒÁ¯ A","3.69","2016”N8Œ21“ú"
"Nasti","NEE½¡sti"," HD 68988"," _"," _","UMa","_","_","8.2","40687","68988","124.592386","61.460721"," 2019-12-17","","","","","","",""
"Natasha","Natasha","HD 85390","_","_","Vel","_","09500-4947","8.54","48235","85390","147.510404","-49.790266"," 2019-12-17","","","","","","",""
"Nekkar","Nekkar","HR 5602","bet","Eï½²","Boo","_","_","3.49","73555","133208","225.48651","40.390567"," 2016-08-21","","ƒlƒbƒJƒ‹","HR 5602","‚¤‚µ‚©‚¢À","ƒÀ¯","3.49","2016”N8Œ21“ú"
"Nembus","Nembus","HR 464","51","51","And","_","_","3.59","7607","9927","24.498154","48.628214"," 2017-09-05","","ƒlƒ“ƒuƒX[26][’ß 5]","HR 464","ƒAƒ“ƒhƒƒƒ_À","51”Ô¯","3.59","2017”N9Œ5“ú"
"Nenque","Nenque","HD 6434","_","_","Phe","_","_","7.72","5054","6434","16.167293","-39.488218"," 2019-12-17","","","","","","",""
"Nervia","Nervia","HD 49674","_","_","Aur","A","06515+4052","8.1","32916","49674","102.877151","40.867757"," 2019-12-17","","","","","","",""
"Nihal","Nihal","HR 1829","bet","Eï½²","Lep","A","05282-2046","2.83","25606","36079","82.061346","-20.759441"," 2016-07-20","","ƒjƒnƒ‹","HR 1829","‚¤‚³‚¬À","ƒÀ¯ A","2.81","2016”N7Œ20“ú"
"Nikawiy","Nikawiy","HD 136418","_","_","Boo","_","_","7.88","74961","136418","229.77576","41.733206"," 2019-12-17","","","","","","",""
"Nosaxa","Nosaxa","HD 48265","_","_","Pup","_","_","8.05","31895","48265","100.007196","-48.541956"," 2019-12-17","","","","","","",""
"Nunki","Nunki","HR 7121","sig","Eï¿½","Sgr","Aa","18553-2618","2.05","92855","175191","283.81636","-26.296724"," 2016-08-21","","ƒkƒ“ƒL","HR 7121","‚¢‚ÄÀ","ƒĞ¯ Aa","2.05","2016”N8Œ21“ú"
"Nusakan","Nusakan","HR 5747","bet","Eï½²","CrB","A","15278+2906","3.9","75695","137909","231.957211","29.105699"," 2016-09-12","","ƒkƒTƒJƒ“","HR 5747","‚©‚ñ‚Ş‚èÀ","ƒÀ¯ Aa","3.66","2016”N9Œ12“ú"
"Nushagak","Nushagak","HD 17156","_","_","Cas","_","_","8.17","13192","17156","42.435361","71.753231"," 2019-12-17","","","","","","",""
"Nyamien","Nyamien","WASP-15","_","_","Cen","_","13557-3210","10.91","      _","      _","208.927967","-32.159615"," 2019-12-17","","","","","","",""
"Ogma","Ogma","HD 149026","_","_","Her","_","_","8.16","80838","149026","247.623409","38.347311"," 2015-12-15","","ƒIƒOƒ}","HD 149026","ƒwƒ‹ƒNƒŒƒXÀ","-","8.16","2015”N12Œ15“ú"
"Okab","Okab","HR 7235","zet","Eï½¶","Aql","A","19054+1352","2.99","93747","177724","286.352533","13.863477"," 2018-06-01","","ƒIƒJƒu","HR 7235","‚í‚µÀ","ƒÄ¯ A","2.99","2018”N6Œ1“ú"
"Paikauhale","Paikauhale","HR 6165","tau","Eï¿½","Sco","A","16359-2813","2.82","81266","149438","248.970637","-28.216017"," 2018-08-10","","ƒpƒCƒJƒEƒnƒŒ","HR 6165","‚³‚»‚èÀ","ƒÑ¯ A","2.82","2018”N8Œ10“ú"
"Parumleo","Parumleo","WASP-32","_","_","Psc","_","_","11.54","      _","      _","3.961699","1.200441"," 2019-12-17","","","","","","",""
"Peacock","Peacock","HR 7790","alf","Eï½±","Pav","Aa","20256-5644","1.94","100751","193924","306.411904","-56.73509"," 2016-07-20","","ƒs[ƒRƒbƒN","HR 7790","‚­‚¶‚á‚­À","ƒ¿¯ Aa","1.94","2016”N7Œ20“ú"
"Petra","Petra","WASP-80","_","_","Aql","_","20127-0209","11.88","      _","      _","303.167372","-2.14422"," 2019-12-17","","","","","","",""
"Phact","Phact","HR 1956","alf","Eï½±","Col","_","05396-3404","2.65","26634","37795","84.912254","-34.07411"," 2016-07-20","","ƒtƒ@ƒNƒg","HR 1956","‚Í‚ÆÀ","ƒ¿¯–","2.65","2016”N7Œ20“ú"
"Phecda","Phecda","HR 4554","gam","Eï½³","UMa","Aa","11538+5342","2.41","58001","103287","178.457679","53.694758"," 2016-07-20","","ƒtƒFƒNƒ_","HR 4554","‚¨‚¨‚®‚ÜÀ","ƒÁ¯ Aa","2.41","2016”N7Œ20“ú"
"Pherkad","Pherkad","HR 5735","gam","Eï½³","UMi","_","_","3","75097","137422","230.18215","71.834017"," 2016-08-21","","ƒtƒFƒ‹ƒJƒh","HR 5735","‚±‚®‚ÜÀ","ƒÁ¯","3","2016”N8Œ21“ú"
"Phoenicia","Phoenicia","HD 192263","V1703","V1703","Aql","_","20140-0052","7.79","99711","192263","303.499356","-0.866881"," 2019-12-17","","","","","","",""
"Piautos","Piautos","HR 3268","lam","Eï½»","Cnc","A","_","5.92","40881","70011","125.133901","24.022311"," 2018-06-01","","ƒsƒAƒEƒgƒX","HR 3268","‚©‚ÉÀ","ƒÉ¯","5.92","2018”N6Œ1“ú"
"Pincoya","Pincoya","HD 164604","_","_","Sgr","_","_","9.66","88414","164604","270.778888","-28.560655"," 2019-12-17","","","","","","",""
"Pipirima","Pipirima","HR 6252","mu02","Eï½¼2","Sco","A","16523-3801","3.56","82545","151985","253.083939","-38.017535"," 2017-09-05"," *","ƒsƒsƒŠƒ}","HR 6252","‚³‚»‚èÀ","ƒÊ2¯ A","3.56","2017”N9Œ5“ú"
"Pipoltr","Pipoltr","TrES-3","V1434","V1434","Her","_","_","12.37","      _","      _","268.029244","37.546177"," 2019-12-17","","","","","","",""
"Pleione","Pleione","HR 1180","28","28","Tau","Aa","03492+2408","5.05","17851","23862","57.296738","24.13671"," 2016-06-30","","ƒvƒŒƒCƒIƒl","HR 1180","‚¨‚¤‚µÀ","28”Ô¯ Aa","5.05","2016”N6Œ30“ú"
"Poerava","Poerava","HD 221287","_","_","Tuc","_","_","7.82","116084","221287","352.834742","-58.209731"," 2019-12-17","","","","","","",""
"Polaris","Polaris","HR 424","alf","Eï½±","UMi","Aa","02318+8916","2.13","11767","8890","37.954561","89.264109"," 2016-06-30","","ƒ|ƒ‰ƒŠƒX","HR 424","‚±‚®‚ÜÀ","ƒ¿¯ Aa","1.97","2016”N6Œ30“ú"
"Polaris Australis","Polaris Australis","HR 7228","sig","Eï¿½","Oct","_","_","5.45","104382","177482","317.195164","-88.956499"," 2017-09-05","","ƒ|ƒ‰ƒŠƒXƒAƒEƒXƒgƒ‰ƒŠƒX","HR 7228","‚Í‚¿‚Ô‚ñ‚¬À","ƒĞ¯","5.45","2017”N9Œ5“ú"
"Polis","Polis","HR 6812","mu","Eï½¼","Sgr","Aa","18138-2104","3.84","89341","166937","273.44087","-21.058832"," 2017-09-05","","ƒ|ƒŠƒX","HR 6812","‚¢‚ÄÀ","ƒÊ¯ Aa","3.84","2017”N9Œ5“ú"
"Pollux","Pollux","HR 2990","bet","Eï½²","Gem","_","07453+2802","1.16","37826","62509","116.328958","28.026199"," 2015-12-15","","ƒ|ƒ‹ƒbƒNƒX","HR 2990","‚Ó‚½‚²À","ƒÀ¯–","1.16","2016”N6Œ30“ú"
"Porrima","Porrima","HR 4825","gam","Eï½³","Vir","A","12417-0127","3.44","61941","110379","190.415181","-1.449373"," 2016-07-20","","ƒ|ƒŠƒ}","HR 4825","‚¨‚Æ‚ßÀ","ƒÁ¯ A","2.74","2016”N7Œ20“ú"
"Praecipua","Praecipua","HR 4247","46","46","LMi","_","_","3.79","53229","94264","163.327937","34.214872"," 2017-06-30","","ƒvƒ‰ƒGƒLƒvƒA","HR 4247","‚±‚¶‚µÀ","46”Ô¯","3.79","2017”N6Œ30“ú"
"Prima Hyadum","Prima Hyadum","HR 1346","gam","Eï½³","Tau","A","04198+1538","3.65","20205","27371","64.948349","15.627643"," 2017-09-05","","ƒvƒŠƒ}ƒqƒ„ƒhƒDƒ€","HR 1346","‚¨‚¤‚µÀ","ƒÁ¯ A","3.65","2017”N9Œ5“ú"
"Procyon","Procyon","HR 2943","alf","Eï½±","CMi","A","07393+0514","0.4","37279","61421","114.825493","5.224993"," 2016-06-30","","ƒvƒƒLƒIƒ“","HR 2943","‚±‚¢‚ÊÀ","ƒ¿¯ A","0.4","2016”N6Œ30“ú"
"Propus","Propus","HR 2216","eta","Eï½·","Gem","A","06149+2230","3.32","29655","42995","93.719405","22.506794"," 2016-07-20","","ƒvƒƒvƒX","HR 2216","‚Ó‚½‚²À","ƒÅ¯ A","3.31","2016”N7Œ20“ú"
"Proxima Centauri","Proxima Centauri","GJ 551","alf","Eï½±","Cen","C","14396-6050","11.01","70890","999999","217.428953","-62.679484"," 2016-08-21"," *","ƒvƒƒLƒVƒ}ƒPƒ“ƒ^ƒEƒŠ","GJ 551","ƒPƒ“ƒ^ƒEƒ‹ƒXÀ","ƒ¿¯ C","11.01","2016”N8Œ21“ú"
"Ran","Ran","HR 1084","eps","Eï½µ","Eri","_","03329-0927","3.73","16537","22049","53.232687","-9.458259"," 2015-12-15","","ƒ‰[ƒ“","HR 1084","ƒGƒŠƒ_ƒkƒXÀ","ƒÃ¯–","3.73","2015”N12Œ15“ú"
"Rapeto","Rapeto","HD 153950","_","_","Sco","_","_","7.39","83547","153950","256.128629","-43.30977"," 2019-12-17","","","","","","",""
"Rasalas","Rasalas","HR 3905","mu","Eï½¼","Leo","_","_","3.88","48455","85503","148.190903","26.006953"," 2016-09-12","","ƒ‰ƒTƒ‰ƒX","HR 3905","‚µ‚µÀ","ƒÊ¯","3.88","2016”N9Œ12“ú"
"Rasalgethi","Rasalgethi","HR 6406","alf01","Eï½±1","Her","Aa","17146+1423","3.37","84345","156014","258.66191","14.390333"," 2016-06-30","","ƒ‰ƒXƒAƒ‹ƒQƒeƒB","HR 6406","ƒwƒ‹ƒNƒŒƒXÀ","ƒ¿1¯ Aa","3.37","2016”N6Œ30“ú"
"Rasalhague","Rasalhague","HR 6556","alf","Eï½±","Oph","A","17349+1234","2.08","86032","159561","263.733627","12.560035"," 2016-07-20","","ƒ‰ƒXƒAƒ‹ƒnƒQ","HR 6556","‚Ö‚Ñ‚Â‚©‚¢À","ƒ¿¯ A","2.08","2016”N7Œ20“ú"
"Rastaban","Rastaban","HR 6536","bet","Eï½²","Dra","A","17304+5218","2.79","85670","159181","262.608174","52.301389"," 2016-08-21","","ƒ‰ƒXƒ^ƒoƒ“","HR 6536","‚è‚ã‚¤À","ƒÀ¯ A","2.79","2016”N8Œ21“ú"
"Regulus","Regulus","HR 3982","alf","Eï½±","Leo","A","10084+1158","1.36","49669","87901","152.092962","11.967209"," 2016-06-30","","ƒŒƒOƒ‹ƒX","HR 3982","‚µ‚µÀ","ƒ¿¯ A","1.36","2016”N6Œ30“ú"
"Revati","Revati","HR 361","zet","Eï½¶","Psc","A","01137+0735","5.21","5737","7344","18.432864","7.575354"," 2017-06-30","","ƒŒ[ƒoƒeƒB[","HR 361","‚¤‚¨À","ƒÄ¯ A","5.21","2017”N6Œ30“ú"
"Rigel","Rigel","HR 1713","bet","Eï½²","Ori","A","05145-0812","0.18","24436","34085","78.634467","-8.201638"," 2016-06-30","","ƒŠƒQƒ‹","HR 1713","ƒIƒŠƒIƒ“À","ƒÀ¯ A","0.18","2016”N6Œ30“ú"
"Rigil Kentaurus","Rigil Kentaurus","HR 5459","alf","Eï½±","Cen","A","14396-6050","-0.01","71683","128620","219.902066","-60.833975"," 2016-11-06"," *","ƒŠƒMƒ‹EƒPƒ“ƒ^ƒEƒ‹ƒX","HR 5459","ƒPƒ“ƒ^ƒEƒ‹ƒXÀ","ƒ¿¯ A","-0.01","2016”N11Œ6“ú"
"Rosaliadecastro","RosalEE½­adecastro","HD 149143","_","_","Oph","_","_","7.89","81022","149143","248.212712","2.084828"," 2019-12-17","","","","","","",""
"Rotanev","Rotanev","HR 7882","bet","Eï½²","Del","A","20375+1436","3.64","101769","196524","309.387235","14.595115"," 2016-09-12","","ƒƒ^ƒlƒu","HR 7882","‚¢‚é‚©À","ƒÀ¯ A","3.64","2016”N9Œ12“ú"
"Ruchbah","Ruchbah","HR 403","del","Eï½´","Cas","Aa","01258+6014","2.66","6686","8538","21.453964","60.235284"," 2016-08-21","","ƒ‹ƒNƒo[","HR 403","ƒJƒVƒIƒyƒ„À","ƒÂ¯ Aa","2.66","2016”N8Œ21“ú"
"Rukbat","Rukbat","HR 7348","alf","Eï½±","Sgr","_","_","3.96","95347","181869","290.97157","-40.61594"," 2016-07-20","","ƒ‹ƒNƒoƒg","HR 7348","‚¢‚ÄÀ","ƒ¿¯","3.96","2016”N7Œ20“ú"
"Sabik","Sabik","HR 6378","eta","Eï½·","Oph","A","17104-1544","2.43","84012","155125","257.594529","-15.724907"," 2016-08-21","","ƒTƒrƒN","HR 6378","‚Ö‚Ñ‚Â‚©‚¢À","ƒÅ¯ A","2.43","2016”N8Œ21“ú"
"Saclateni","Saclateni","HR 1612","zet","Eï½¶","Aur","A","05025+4105","3.69","23453","32068","75.619531","41.075839"," 2017-06-30","","ƒTƒNƒ‰ƒeƒj","HR 1612","‚¬‚å‚µ‚áÀ","ƒÄ¯ A","3.69","2017”N6Œ30“ú"
"Sadachbia","Sadachbia","HR 8518","gam","Eï½³","Aqr","Aa","22217-0123","3.86","110395","212061","335.414064","-1.387334"," 2016-08-21","","ƒTƒ_ƒNƒrƒA","HR 8518","‚İ‚¸‚ª‚ßÀ","ƒÁ¯ Aa","3.86","2016”N8Œ21“ú"
"Sadalbari","Sadalbari","HR 8684","mu","Eï½¼","Peg","_","_","3.51","112748","216131","342.500809","24.601577"," 2016-08-21","","ƒTƒ_ƒ‹ƒoƒŠ","HR 8684","ƒyƒKƒXƒXÀ","ƒÊ¯","3.51","2016”N8Œ21“ú"
"Sadalmelik","Sadalmelik","HR 8414","alf","Eï½±","Aqr","A","22058-0019","2.95","109074","209750","331.445983","-0.319849"," 2016-08-21","","ƒTƒ_ƒ‹ƒƒŠƒN","HR 8414","‚İ‚¸‚ª‚ßÀ","ƒ¿¯ A","2.95","2016”N8Œ21“ú"
"Sadalsuud","Sadalsuud","HR 8232","bet","Eï½²","Aqr","A","21316-0534","2.9","106278","204867","322.889715","-5.571176"," 2016-08-21","","ƒTƒ_ƒ‹ƒXƒEƒh","HR 8232","‚İ‚¸‚ª‚ßÀ","ƒÀ¯ A","2.9","2016”N8Œ21“ú"
"Sadr","Sadr","HR 7796","gam","Eï½³","Cyg","A","20222+4015","2.23","100453","194093","305.557091","40.256679"," 2016-08-21","","ƒTƒhƒ‹","HR 7796","‚Í‚­‚¿‚å‚¤À","ƒÁ¯ A","2.23","2016”N8Œ21“ú"
"Sagarmatha","Sagarmatha","HD 100777","_","_","Leo","_","_","8.42","56572","100777","173.964679","-4.755695"," 2019-12-17","","","","","","",""
"Saiph","Saiph","HR 2004","kap","Eï½º","Ori","_","_","2.07","27366","38771","86.93912","-9.669605"," 2016-07-20","","ƒTƒCƒt","HR 2004","ƒIƒŠƒIƒ“À","ƒÈ¯","2.07","2016”N7Œ20“ú"
"Salm","Salm","HR 8880","tau","Eï¿½","Peg","_","_","4.58","115250","220061","350.159341","23.740336"," 2017-09-05","","ƒTƒ‹ƒ€","HR 8880","ƒyƒKƒXƒXÀ","ƒÑ¯","4.58","2017”N9Œ5“ú"
"Samaya","SEE¼»aya           H","D 205739    _","     _","","PsA","_","_","8.56","106824","205739","324.535016","-31.737484"," 2019-12-17","","","","","","",""
"Sansuna","Sansuna","HAT-P-34","_","_","Sge","_","20127+1806","10.31","      _","      _","303.195361","18.104833"," 2019-12-17","","","","","","",""
"Sargas","Sargas","HR 6553","tet","Eï½¸","Sco","A","17373-4300","1.86","86228","159532","264.329711","-42.997824"," 2016-08-21","","ƒTƒ‹ƒKƒX","HR 6553","‚³‚»‚èÀ","ƒÆ¯ A","1.86","2016”N8Œ21“ú"
"Sarin","Sarin","HR 6410","del","Eï½´","Her","Aa","17150+2450","3.12","84379","156164","258.757963","24.839204"," 2016-09-12","","ƒTƒŠƒ“[14]","HR 6410","ƒwƒ‹ƒNƒŒƒXÀ","ƒÂ¯ Aa","3.12","2016”N9Œ12“ú"
"Sceptrum","Sceptrum","HR 1481","53","53","Eri","A","04382-1418","4.02","21594","29503","69.545104","-14.304017"," 2017-06-30","","ƒXƒP[ƒvƒgƒDƒ‹ƒ€[18]","HR 1481","ƒGƒŠƒ_ƒkƒXÀ","53”Ô¯ A","4.02","2017”N6Œ30“ú"
"Scheat","Scheat","HR 8775","bet","Eï½²","Peg","_","23038+2805","2.44","113881","217906","345.943572","28.082785"," 2016-06-30","","ƒVƒFƒAƒg","HR 8775","ƒyƒKƒXƒXÀ","ƒÀ¯–","2.44","2016”N6Œ30“ú"
"Schedar","Schedar","HR 168","alf","Eï½±","Cas","_","00405+5632","2.24","3179","3712","10.126838","56.537331"," 2016-08-21","","ƒVƒFƒ_ƒ‹","HR 168","ƒJƒVƒIƒyƒ„À","ƒ¿¯–","2.24","2016”N8Œ21“ú"
"Secunda Hyadum","Secunda Hyadum","HR 1373","del01","Eï½´1","Tau","Aa","04230+1732","3.78","20455","27697","65.733719","17.542514"," 2017-09-05","","ƒZƒNƒ“ƒ_ƒqƒ„ƒhƒDƒ€","HR 1373","‚¨‚¤‚µÀ","ƒÂ¯ Aa","3.78","2017”N9Œ5“ú"
"Segin","Segin","HR 0542","eps","Eï½µ","Cas","_","_","3.35","8886","11415","28.598857","63.670101"," 2017-09-05","","ƒZƒMƒ“[14]","HR 542","ƒJƒVƒIƒyƒ„À","ƒÃ¯","3.35","2017”N9Œ5“ú"
"Seginus","Seginus","HR 5435","gam","Eï½³","Boo","Aa","14321+3818","3.04","71075","127762","218.019466","38.308251"," 2016-08-21","","ƒZƒMƒkƒX","HR 5435","‚¤‚µ‚©‚¢À","ƒÁ¯ Aa","3.04","2016”N8Œ21“ú"
"Sham","Sham","HR 7479","alf","Eï½±","Sge","_","19401+1801","4.39","96757","185758","295.024133","18.013891"," 2016-09-12","","ƒVƒƒƒ€","HR 7479","‚âÀ","ƒ¿–¯","4.39","2016”N9Œ12“ú"
"Shama","Shama","HD 99109","_","_","Leo","_","_","9.1","55664","99109","171.072328","-1.529073"," 2019-12-17","","","","","","",""
"Sharjah","Sharjah","HIP 79431","_","_","Sco","_","_","11.34","79431","      _","243.174084","-18.875503"," 2019-12-17","","","","","","",""
"Shaula","Shaula","HR 6527","lam","Eï½»","Sco","Aa","17336-3706","2.08","85927","158926","263.402167","-37.103824"," 2016-07-20","","ƒVƒƒƒEƒ‰","HR 6527","‚³‚»‚èÀ","ƒÉ¯ Aa","1.62","2016”N7Œ20“ú"
"Sheliak","Sheliak","HR 7106","bet","Eï½²","Lyr","Aa1","18501+3322","3.6","92420","174638","282.519978","33.362668"," 2016-08-21","","ƒVƒFƒŠƒAƒN","HR 7106","‚±‚ÆÀ","ƒÀ¯ Aa1","3.52","2016”N8Œ21“ú"
"Sheratan","Sheratan","HR 553","bet","Eï½²","Ari","A","01546+2049","2.7","8903","11636","28.660046","20.808031"," 2016-07-20","","ƒVƒFƒ‰ƒ^ƒ“","HR 553","‚¨‚Ğ‚Â‚¶À","ƒÀ¯ A","2.64","2016”N7Œ20“ú"
"Sika","Sika","HD 181720","_","_","Sgr","_","_","7.84","95262","181720","290.72077","-32.919053"," 2019-12-17","","","","","","",""
"Sirius","Sirius","HR 2491","alf","Eï½±","CMa","A","06451-1643","-1.45","32349","48915","101.287155","-16.716116"," 2016-06-30","","ƒVƒŠƒEƒX","HR 2491","‚¨‚¨‚¢‚ÊÀ","ƒ¿¯ A","-1.44","2016”N6Œ30“ú"
"Situla","Situla","HR 8610","kap","Eï½º","Aqr","A","22378-0414","5.04","111710","214376","339.439084","-4.228056"," 2016-09-12","","ƒVƒgƒDƒ‰","HR 8610","‚İ‚¸‚ª‚ßÀ","ƒÈ¯ A","5.04","2016”N9Œ12“ú"
"Skat","Skat","HR 8709","del","Eï½´","Aqr","A","_","3.27","113136","216627","343.662556","-15.820827"," 2016-08-21","","ƒXƒJƒg","HR 8709","‚İ‚¸‚ª‚ßÀ","ƒÂ¯ A","3.27","2016”N8Œ21“ú"
"Solaris","Solaris","BD+14 4559","_","_","Peg","_","_","9.78","104780","      _","318.399959","14.689385"," 2019-12-17","","","","","","",""
"Spica","Spica","HR 5056","alf","Eï½±","Vir","Aa","13252-1110","0.98","65474","116658","201.298247","-11.161319"," 2016-06-30","","ƒXƒsƒJ","HR 5056","‚¨‚Æ‚ßÀ","ƒ¿¯ Aa","0.98","2016”N6Œ30“ú"
"Sterrennacht","Sterrennacht","HAT-P-6","_","_","And","_","_","10.54","      _","      _","354.774209","42.465973"," 2019-12-17","","","","","","",""
"Stribor","Stribor","HD 75898","_","_","Lyn","_","_","8.03","43674","75898","133.461689","33.056812"," 2019-12-17","","","","","","",""
"Sualocin","Sualocin","HR 7906","alf","Eï½±","Del","Aa","20396+1555","3.86","101958","196867","309.90953","15.912073"," 2016-09-12","","ƒXƒAƒƒLƒ“","HR 7906","‚¢‚é‚©À","ƒ¿¯ Aa","3.77","2016”N9Œ12“ú"
"Subra","Subra","HR 3852","omi","Eï½¿","Leo","Aa","09412+0954","3.52","47508","83808","145.28764","9.892308"," 2016-09-12","","ƒXƒuƒ‰[12]","HR 3852","‚µ‚µÀ","ƒÍ¯ Aa","3.52","2016”N9Œ12“ú"
"Suhail","Suhail","HR 3634","lam","Eï½»","Vel","_","09080-4326","2.23","44816","78647","136.998993","-43.432589"," 2016-08-21","","ƒXƒnƒCƒ‹[10]","HR 3634","‚ÙÀ","ƒÉ¯–","2.23","2016”N8Œ21“ú"
"Sulafat","Sulafat","HR 7178","gam","Eï½³","Lyr","_","18589+3241","3.25","93194","176437","284.735928","32.689557"," 2016-08-21","","ƒXƒ‰ƒtƒ@ƒg","HR 7178","‚±‚ÆÀ","ƒÁ¯–","3.25","2016”N8Œ21“ú"
"Syrma","Syrma","HR 5338","iot","Eï½¹","Vir","_","_","4.07","69701","124850","214.003623","-6.000545"," 2016-09-12","","ƒVƒ‹ƒ}","HR 5338","‚¨‚Æ‚ßÀ","ƒÇ¯","4.07","2016”N9Œ12“ú"
"Tabit","Tabit","HR 1543","pi03","EÂ€3","Ori","_","04498+0658","3.19","22449","30652","72.460045","6.961275"," 2017-09-05","","ƒ^ƒrƒg[28]","HR 1543","ƒIƒŠƒIƒ“À","ƒÎ3¯–","3.19","2017”N9Œ5“ú"
"Taika","Taika","HAT-P-40","_","_","Lac","_","_","11.35","      _","      _","335.512865","45.457366"," 2019-12-17","","","","","","",""
"Taiyangshou","Taiyangshou","HR 4518","chi","Eï¿½","UMa","_","_","3.69","57399","102224","176.512559","47.779406"," 2017-06-30","","ƒ^ƒCƒ„ƒ“ƒVƒ‡ƒEi‘¾—zçj[17]","HR 4518","‚¨‚¨‚®‚ÜÀ","ƒÔ¯","3.69","2017”N6Œ30“ú"
"Taiyi","Taiyi","HR 4916","8","8","Dra","_","_","5.23","63076","112429","193.868951","65.438474"," 2017-06-30","","ƒ^ƒCƒC[i‘¾ˆêj[24]","HR 4916","‚è‚ã‚¤À","8”Ô¯","5.23","2017”N6Œ30“ú"
"Talitha","Talitha","HR 3569","iot","Eï½¹","UMa","Aa","08592+4803","3.12","44127","76644","134.80189","48.041826"," 2016-07-20","","ƒ^ƒŠƒ^","HR 3569","‚¨‚¨‚®‚ÜÀ","ƒÇ¯ Aa","3.12","2016”N7Œ20“ú"
"Tangra","Tangra","WASP-21","_","_","Peg","_","_","11.55","      _","      _","347.492723","18.396078"," 2019-12-17","","","","","","",""
"Tania Australis","Tania Australis","HR 4069","mu","Eï½¼","UMa","A","_","3.06","50801","89758","155.58225","41.499519"," 2016-07-20","","ƒ^ƒjƒAƒAƒEƒXƒgƒ‰ƒŠƒX","HR 4069","‚¨‚¨‚®‚ÜÀ","ƒÊ¯ A","3.06","2016”N7Œ20“ú"
"Tania Borealis","Tania Borealis","HR 4033","lam","Eï½»","UMa","A","_","3.45","50372","89021","154.274095","42.914356"," 2016-07-20","","ƒ^ƒjƒAƒ{ƒŒƒAƒŠƒX","HR 4033","‚¨‚¨‚®‚ÜÀ","ƒÉ¯ A","3.45","2016”N7Œ20“ú"
"Tapecue","Tapecue","HD 63765","_","_","Car","_","_","8.1","38041","63765","116.957168","-54.264144"," 2019-12-17","","","","","","",""
"Tarazed","Tarazed","HR 7525","gam","Eï½³","Aql","_","19463+1037","2.72","97278","186791","296.564915","10.613262"," 2016-08-21","","ƒ^ƒ‰ƒ[ƒh","HR 7525","‚í‚µÀ","ƒÁ¯–","2.72","2016”N8Œ21“ú"
"Tarf","Tarf","HR 3249","bet","Eï½²","Cnc","A","08165+0911","3.53","40526","69267","124.128838","9.185544"," 2018-06-01","","ƒ^ƒ‹ƒt","HR 3249","‚©‚ÉÀ","ƒÀ¯ A","3.53","2018”N6Œ1“ú"
"Taygeta","Taygeta","HR 1145","19","19","Tau","Aa","03452+2428","4.3","17531","23338","56.302063","24.46727"," 2016-08-21","","ƒ^ƒCƒQƒ^","HR 1145","‚¨‚¤‚µÀ","19”Ô¯ Aa","4.3","2016”N8Œ21“ú"
"Tegmine","Tegmine","HR 3208","zet01","Eï½¶1","Cnc","A","08122+1739","5.24","40167","68255","123.053168","17.647801"," 2016-09-12","","ƒeƒOƒ~ƒl","HR 3208","‚©‚ÉÀ","ƒÄ1¯ A","4.67","2016”N9Œ12“ú"
"Tejat","Tejat","HR 2286","mu","Eï½¼","Gem","Aa","06230+2231","2.87","30343","44478","95.740112","22.513583"," 2017-02-01","","ƒeƒWƒƒƒg[16][12]","HR 2286","‚Ó‚½‚²À","ƒÊ¯ Aa","2.87","2017”N2Œ1“ú"
"Terebellum","Terebellum","HR 7597","ome","Eï¿½","Sgr","A","19558-2618","4.7","98066","188376","298.959838","-26.299534"," 2017-09-05","","ƒeƒŒƒxƒbƒ‹ƒ€","HR 7597","‚¢‚ÄÀ","ƒÖ¯ A","4.7","2017”N9Œ5“ú"
"Tevel","Tevel","HAT-P-9","_","_","Aur","_","_","12.26","      _","      _","110.168568","37.140651"," 2019-12-17","","","","","","",""
"Theemin","Theemin","HR 1464","ups02","Eï¿½2","Eri","_","_","3.81","21393","29291","68.88766","-30.562341"," 2017-02-01","","ƒe[ƒ~ƒ“","HR 1464","ƒGƒŠƒ_ƒkƒXÀ","ƒÒ2¯","3.81","2017”N2Œ1“ú"
"Thuban","Thuban","HR 5291","alf","Eï½±","Dra","A","14044+6423","3.67","68756","123299","211.097291","64.375851"," 2016-06-30","","ƒgƒDƒoƒ“","HR 5291","‚è‚ã‚¤À","ƒ¿¯ A","3.67","2016”N6Œ30“ú"
"Tiaki","Tiaki","HR 8636","bet","Eï½²","Gru","_","_","2.12","112122","214952","340.666876","-46.884576"," 2017-09-05","","ƒeƒBƒAƒL","HR 8636","‚Â‚éÀ","ƒÀ¯","2.12","2017”N9Œ5“ú"
"Tianguan","Tianguan","HR 1910","zet","Eï½¶","Tau","A","_","2.97","26451","37202","84.411189","21.142544"," 2017-06-30","","ƒeƒBƒGƒ“ƒOƒ@ƒ““Vè[19]","HR 1910","‚¨‚¤‚µÀ","ƒÄ¯ A","2.97","2017”N6Œ30“ú"
"Tianyi","Tianyi","HR 4863","7","7","Dra","_","_","5.43","62423","111335","191.893099","66.790305"," 2017-06-30","","ƒeƒBƒGƒ“ƒC[i“Vˆêj[25]","HR 4863","‚è‚ã‚¤À","7”Ô¯","5.43","2017”N6Œ30“ú"
"Timir","Timir","HD 148427","_","_","Oph","_","_","6.89","80687","148427","247.117296","-13.399636"," 2019-12-17","","","","","","",""
"Tislit","Tislit","WASP-161","_","_","Pup","_","_","10.77","      _","      _","126.337846","-11.500986"," 2019-12-17","","","","","","",""
"Titawin","Titawin","HR 458","ups","Eï¿½","And","A","01368+4124","4.09","7513","9826","24.199342","41.405457"," 2015-12-15","","ƒeƒBƒ^ƒEƒBƒ“","HR 458","ƒAƒ“ƒhƒƒƒ_À","ƒÒ¯ A","4.09","2015”N12Œ15“ú"
"Tojil","Tojil","WASP-22","_","_","Eri","_","03313-2349","11.71","      _","      _","52.818029","-23.819678"," 2019-12-17","","","","","","",""
"Toliman","Toliman","HR 5460","alf","Eï½±","Cen","B","14396-6050","1.35","71681","128621","219.896096","-60.837528"," 2018-08-10"," *","ƒgƒŠƒ}ƒ“","HR 5460","ƒPƒ“ƒ^ƒEƒ‹ƒXÀ","ƒ¿¯ B","1.35","2018”N8Œ10“ú"
"Tonatiuh","Tonatiuh","HR 4609","_","_","Cam","_","_","5.8","58952","104985","181.312995","76.905735"," 2015-12-15","","ƒgƒiƒeƒBƒE","HR 4609","‚«‚è‚ñÀ","-","5.8","2015”N12Œ15“ú"
"Torcular","Torcular","HR 510","omi","Eï½¿","Psc","A","01454+0909","4.29","8198","10761","26.348466","9.157737"," 2017-09-05","","ƒgƒ‹ƒNƒ‰[","HR 510","‚¤‚¨À","ƒÍ¯ A","4.29","2017”N9Œ5“ú"
"Tuiren","Tuiren","HAT-P-36","_","_","CVn","_","_","12.25","      _","      _","188.266276","44.915333"," 2019-12-17","","","","","","",""
"Tupa","TupEE½£","HD 108147","_","_","Cru","_","12258-6401","6.99","60644","108147","186.442779","-64.022088"," 2019-12-17","","","","","","",""
"Tupi","Tupi","HD 23079","_","_","Ret","_","_","7.12","17096","23079","54.929567","-52.915838"," 2019-12-17","","","","","","",""
"Tureis","Tureis","HR 3185","rho","Eï¿½","Pup","A","08075-2418","2.83","39757","67523","121.886037","-24.304324"," 2016-09-12","","ƒgƒDƒŒƒCƒX","HR 3185","‚Æ‚àÀ","ƒÏ¯ A","2.83","2016”N9Œ12“ú"
"Ukdah","Ukdah","HR 3845","iot","Eï½¹","Hya","_","_","3.9","47431","83618","144.964008","-1.14281"," 2018-06-01","","ƒEƒNƒ_[[32][’ß 6]","HR 3845","‚¤‚İ‚Ö‚ÑÀ","ƒÇ¯","3.9","2018”N6Œ1“ú"
"Uklun","Uklun","HD 102117","_","_","Cen","_","_","7.47","57291","102117","176.210254","-58.70371"," 2019-12-17","","","","","","",""
"Unukalhai","Unukalhai","HR 5854","alf","Eï½±","Ser","_","15443+0626","2.63","77070","140573","236.066976","6.425629"," 2016-08-21","","ƒEƒkƒNƒAƒ‹ƒnƒC","HR 5854","‚Ö‚ÑÀ","ƒ¿¯–","2.63","2016”N8Œ21“ú"
"Unurgunite","Unurgunite","HR 2646","sig","Eï¿½","CMa","_","07017-2756","3.49","33856","52877","105.429782","-27.93483"," 2017-09-05","","ƒEƒkƒ‹ƒOƒjƒe","HR 2646","‚¨‚¨‚¢‚ÊÀ","ƒĞ¯–","3.49","2017”N9Œ5“ú"
"Uruk","Uruk","HD 231701","_","_","Sge","_","_","8.97","96078","231701","293.017338","16.474289"," 2019-12-17","","","","","","",""
"Vega","Vega","HR 7001","alf","Eï½±","Lyr","_","18369+3846","0.03","91262","172167","279.234735","38.783689"," 2016-06-30","","‚×ƒK","HR 7001","‚±‚ÆÀ","ƒ¿¯–","0.03","2016”N6Œ30“ú"
"Veritate","Veritate","HR 8930","14","14","And","A","23313+3914","5.22","116076","221345","352.822556","39.236197"," 2015-12-15","","ƒxƒŠƒ^ƒe","HR 8930","ƒAƒ“ƒhƒƒƒ_À","14”Ô¯ A","5.22","2015”N12Œ15“ú"
"Vindemiatrix","Vindemiatrix","HR 4932","eps","Eï½µ","Vir","_","13022+1058","2.85","63608","113226","195.544157","10.959149"," 2016-07-20","","ƒrƒ“ƒfƒ~ƒAƒgƒŠƒNƒX","HR 4932","‚¨‚Æ‚ßÀ","ƒÃ¯–","2.85","2016”N7Œ20“ú"
"Wasat","Wasat","HR 2777","del","Eï½´","Gem","Aa","07201+2159","3.52","35550","56986","110.030749","21.982316"," 2016-08-21","","ƒƒTƒg","HR 2777","‚Ó‚½‚²À","ƒÂ¯ Aa","3.5","2016”N8Œ21“ú"
"Wazn","Wazn","HR 2040","bet","Eï½²","Col","_","05510-3546","3.12","27628","39425","87.739968","-35.76831"," 2016-07-20","","ƒƒYƒ“","HR 2040","‚Í‚ÆÀ","ƒÀ¯–","3.12","2016”N7Œ20“ú"
"Wezen","Wezen","HR 2693","del","Eï½´","CMa","Aa","07084-2624","1.83","34444","54605","107.09785","-26.3932"," 2016-07-20","","ƒEƒFƒYƒ“","HR 2693","‚¨‚¨‚¢‚ÊÀ","ƒÂ¯ Aa","1.83","2016”N7Œ20“ú"
"Wurren","Wurren","HR 338","zet","Eï½¶","Phe","Aa","01084-5515","4.02","5348","6882","17.096173","-55.245758"," 2017-11-17","","ƒEƒŒƒ“","HR 338","‚Ù‚¤‚¨‚¤À","ƒÄ¯ Aa","4.02","2017”N11Œ17“ú"
"Xamidimura","Xamidimura","HR 6247","mu01","Eï½¼1","Sco","Aa","16519-3803","3","82514","151890","252.96763","-38.04738"," 2017-09-05"," *","ƒnƒ~ƒfƒBƒ€ƒ‰","HR 6247","‚³‚»‚èÀ","ƒÊ1¯ Aa","3","2017”N9Œ5“ú"
"Xihe","Xihe","HD 173416","_","_","Lyr","_","_","6.04","91852","173416","280.900456","36.556606"," 2019-12-17","","","","","","",""
"Xuange","Xuange","HR 5351","lam","Eï½»","Boo","_","14164+4605","4.18","69732","125162","214.095912","46.088306"," 2017-06-30","","ƒVƒ…ƒGƒ“ƒOƒ@iŒºœ÷j[17]","HR 5351","‚¤‚µ‚©‚¢À","ƒÉ¯–","4.18","2017”N6Œ30“ú"
"Yed Posterior","Yed Posterior","HR 6075","eps","Eï½µ","Oph","_","16183-0442","3.23","79882","146791","244.580374","-4.69251"," 2016-10-05","","ƒCƒFƒhƒ|ƒXƒeƒŠƒIƒ‹","HR 6075","‚Ö‚Ñ‚Â‚©‚¢À","ƒÃ¯–","3.23","2016”N10Œ5“ú"
"Yed Prior","Yed Prior","HR 6056","del","Eï½´","Oph","_","16143-0342","2.73","79593","146051","243.586411","-3.694323"," 2016-10-05","","ƒCƒFƒhƒvƒŠƒIƒ‹","HR 6056","‚Ö‚Ñ‚Â‚©‚¢À","ƒÂ¯–","2.73","2016”N10Œ5“ú"
"Yildun","Yildun","HR 6789","del","Eï½´","UMi","_","17322+8635","4.35","85822","166205","263.054126","86.586462"," 2016-08-21","","ƒCƒ‹ƒhƒDƒ“","HR 6789","‚±‚®‚ÜÀ","ƒÂ¯–","4.35","2016”N8Œ21“ú"
"Zaniah","Zaniah","HR 4689","eta","Eï½·","Vir","Aa","12199-0040","4.6","60129","107259","184.976476","-0.666793"," 2016-09-12","","ƒUƒjƒA","HR 4689","‚¨‚Æ‚ßÀ","ƒÅ¯ Aa","3.89","2016”N9Œ12“ú"
"Zaurak","Zaurak","HR 1231","gam","Eï½³","Eri","_","03580-1331","2.97","18543","25025","59.50736","-13.508516"," 2016-07-20","","ƒUƒEƒ‰ƒN","HR 1231","ƒGƒŠƒ_ƒkƒXÀ","ƒÁ¯–","2.97","2016”N7Œ20“ú"
"Zavijava","Zavijava","HR 4540","bet","Eï½²","Vir","_","11507+0146","3.59","57757","102870","177.673826","1.764717"," 2016-08-21","","ƒUƒrƒ„ƒo","HR 4540","‚¨‚Æ‚ßÀ","ƒÀ¯–","3.59","2016”N8Œ21“ú"
"Zhang","Zhang","HR 3903","ups01","Eï¿½1","Hya","A","_","4.11","48356","85444","147.869558","-14.846603"," 2017-06-30","","ƒ`ƒƒƒ“i’£j","HR 3903","‚¤‚İ‚Ö‚ÑÀ","ƒÒ1¯ A","4.11","2017”N6Œ30“ú"
"Zibal","Zibal","HR 984","zet","Eï½¶","Eri","Aa","03158-0849","4.8","15197","20320","48.958436","-8.819731"," 2016-09-12","","ƒWƒo[ƒ‹[11]","HR 984","ƒGƒŠƒ_ƒkƒXÀ","ƒÄ¯ Aa","4.8","2016”N9Œ12“ú"
"Zosma","Zosma","HR 4357","del","Eï½´","Leo","_","11141+2031","2.56","54872","97603","168.527089","20.523718"," 2016-07-20","","ƒ]ƒXƒ}","HR 4357","‚µ‚µÀ","ƒÂ¯–","2.56","2016”N7Œ20“ú"
"Zubenelgenubi","Zubenelgenubi","HR 5531","alf02","Eï½±2","Lib","Aa","14509-1603","2.75","72622","130841","222.719638","-16.041777"," 2016-08-21","","ƒYƒxƒ“ƒGƒ‹ƒQƒkƒr","HR 5531","‚Ä‚ñ‚Ñ‚ñÀ","ƒ¿2¯ Aa","2.75","2016”N8Œ21“ú"
"Zubenelhakrabi","Zubenelhakrabi","HR 5787","gam","Eï½³","Lib","A","15355-1447","3.91","76333","138905","233.881578","-14.789536"," 2017-09-05","","ƒYƒxƒ“ƒGƒ‹ƒnƒNƒ‰ƒr","HR 5787","‚Ä‚ñ‚Ñ‚ñÀ","ƒÁ¯ A","3.91","2017”N9Œ5“ú"
"Zubeneschamali","Zubeneschamali","HR 5685","bet","Eï½²","Lib","_","15170-0923","2.61","74785","135742","229.251724","-9.382914"," 2016-08-21","","ƒYƒxƒ“ƒGƒVƒƒƒ}ƒŠ","HR 5685","‚Ä‚ñ‚Ñ‚ñÀ","ƒÀ¯","2.61","2016”N8Œ21“ú"
